销售订单,计划发货日期,子客户编码,子客户名称,子客户地址,经纬度,经纬度1,地址code
OM25061500000013,2025-06-30,Z047141,重庆中国三峡博物馆-丹回路,重庆市重庆市南岸区丹回路1号,29.517229,106.556809,23847
OM25061900007357,2025-06-30,Z071219,渝北区消防救援支队-支队机关,重庆市重庆市渝北区渝北消防南侧正大门别去北侧，中粮祥云C区正对面,29.733029,106.57485,32358
OM25062000005494,2025-06-30,Z014724,中国人民解放军78007部队,重庆市重庆市巴南区渝南大道22-2号,29.481373,106.569953,19407
OM25062400003394,2025-06-30,Z006476,华能-9楼,土星B1栋9楼,29.624322,106.515487,56097
OM25062500009183,2025-06-30,111896,重庆市巴南区房屋征收中心,重庆市重庆市巴南区重庆市巴南区李家沱街道办事处巴南大道16号重庆市巴南区李家沱街道办事处（正大门左手面执法大队4楼）,29.465776,106.563185,27005
OM25062700000321,2025-06-30,109148,重庆金泰国有资产经营有限公司,重庆市重庆市渝北区渝北区龙兴路赛力斯汽车龙兴总部负一楼金泰食堂,29.687276,106.794496,46801
OM25062700000410,2025-06-30,Z016761,中国烟草总公司重庆市公司,五江路20号烟草大厦车库厨房门口,29.584005,106.56982,57743
OM25062700000640,2025-06-30,Z087650,重庆市北碚区照明灯饰管理处,重庆市重庆市北碚区北碚区正源缙山水东区缙香亭公厕后面，从门杆进入2层楼的黄色房子哪里,29.838559,106.423114,46138
OM25062700000717,2025-06-30,Z043091,重庆市渝北区人民政府大竹林街道办事处,重庆市重庆市渝北区大竹林街道办事处,29.629215,106.483385,26910
OM25062700000728,2025-06-30,Z071708,北碚区国有土地上房屋征收与补偿安置中心,重庆市重庆市北碚区北碚区碚南大道118号交通银行楼下有门牌送到2楼,29.810434,106.411922,32190
OM25062700000809,2025-06-30,Z090065,九龙坡铁路幼儿园,重庆市重庆市九龙坡区铁路幼儿园,29.500913,106.545594,47706
OM25062700000855,2025-06-30,106538,重庆市沙坪坝区城市排水设施管理处,重庆市重庆市沙坪坝区重庆市沙坪坝区一纵线,29.634566,106.372849,45795
OM25062700000975,2025-06-30,Z057841,重庆市人口和计划生育科学技术研究院附属医院,重庆市重庆市江北区江北区红黄路18号计生医院食堂,29.590335,106.537811,600
OM25062700001153,2025-06-30,Z050849,戴维斯物业管理-国家开发银行重庆分行,重庆市重庆市江北区金融街1号负1楼,29.577498,106.575366,15739
OM25062700001378,2025-06-30,Z015272,重庆市渝北区人民政府双龙湖街道办事处,双龙湖街道六楼食堂,29.717755,106.633012,57691
OM25062700001639,2025-06-30,Z119197,重庆输油气,重庆市-渝北区-北部新区龙头寺火车站旁昆仑大道46号中铁·峰汇国际B座9楼,29.612006,106.549654,58787
OM25062700001673,2025-06-30,Z046644,重庆志阳电气有限公司,重庆市重庆市渝北区重庆长安志阳汽车电气有限公司,29.765431,106.645588,16778
OM25062700001717,2025-06-30,Z060282,重庆市巴南区人民政府鱼洞街道办事处,巴南区鱼洞街道办重庆市巴南区鱼洞街道办事处,29.385368,106.524153,55970
OM25062700001729,2025-06-30,Z068701,重庆市九龙坡区数字化城市管理中心,重庆市重庆市九龙坡区九龙坡区数字化,29.51222,106.532099,29916
OM25062700001742,2025-06-30,111912,重庆康达环保产业（集团）有限公司,重庆市重庆市渝北区康达环保(黄山大道中段),29.622297,106.516043,22219
OM25062700001801,2025-06-30,Z090065,九龙坡铁路幼儿园,重庆市重庆市九龙坡区铁路幼儿园,29.500913,106.545594,47706
OM25062700001814,2025-06-30,Z099595,重庆市南岸区房屋征收中心,重庆市重庆市南岸区南岸区房屋征收中心,29.543327,106.587459,53812
OM25062700002103,2025-06-30,Z074101,两江物业—职能中心食堂,重庆市重庆市渝北区渝北区御园路92号东北方向180米,29.693393,106.820019,46273
OM25062700002377,2025-06-30,Z015323,保税港港欣1号餐厅,重庆市重庆市江北区江北区远航大道88号水港综合大楼重庆市江北区远航大道88号水港综合大楼B栋308重庆保税港区港欣资产经营管理有限公司,29.632117,106.60369,23619
OM25062700002382,2025-06-30,Z110078,地质勘察——早餐,重庆市-北碚区-同德路12号,29.76077,106.47412,57408
OM25062700002413,2025-06-30,109148,重庆金泰国有资产经营有限公司,重庆市重庆市渝北区渝北区龙兴路赛力斯汽车龙兴总部负一楼金泰食堂,29.687276,106.794496,46801
OM25062700002528,2025-06-30,Z013247,重庆市沙坪坝区曾家镇人民政府,重庆市重庆市沙坪坝区曾家镇政府,29.55804,106.307813,46938
OM25062700002570,2025-06-30,Z055006,重庆市档案馆（日配）,重庆市重庆市渝北区重庆市渝北区秋成大道,29.691415,106.577512,54901
OM25062700002578,2025-06-30,Z020526,中国烟草总公司重庆市公司巴南分公司,重庆市重庆市巴南区李家沱马王坪正街20号,29.473039,106.543839,7612
OM25062700002601,2025-06-30,Z098832,重庆三峰卡万塔环境产业有限公司二,三峰卡万塔大渡口区八桥镇建桥工业园建桥大道五号,29.454464,106.494448,56126
OM25062700002652,2025-06-30,106516,重庆农村商业银行股份有限公司南岸支行,重庆市重庆市南岸区重庆市南岸区白鹤路76-11号,29.52491,106.549381,50503
OM25062700002656,2025-06-30,Z074808,青木关第一幼儿园-教师餐,重庆市重庆市沙坪坝区青木关第一幼儿园青北下街80号,29.681187,106.311379,22924
OM25062700002657,2025-06-30,Z074808,青木关第一幼儿园-教师餐,重庆市重庆市沙坪坝区青木关第一幼儿园青北下街80号,29.681187,106.311379,22924
OM25062700002693,2025-06-30,108824,中建五局第三建设有限公司重庆分公司,重庆市重庆市渝北区渝北区新南路451号重庆市渝北区新南路451号 祈年 悦城2楼,29.606218,106.50355,23577
OM25062700002705,2025-06-30,Z093715,重庆两江新区嘉景湾幼儿园-老师餐,重庆市重庆市渝北区重庆市渝北区金海大道998号,29.702462,106.488323,49851
OM25062700002881,2025-06-30,Z033880,重庆建工第二建设有限公司,重庆市重庆市沙坪坝区天陈路56号,29.556611,106.464633,19484
OM25062700002925,2025-06-30,Z054940,重庆市大渡口区八桥镇人民政府,重庆市重庆市大渡口区鑫鹏大厦,29.464073,106.487723,15682
OM25062700003112,2025-06-30,Z089581,重庆市九龙坡区环境卫生管理处,重庆市重庆市九龙坡区九龙坡区环境卫生重庆市九龙坡区杨渡一村,29.501573,106.515357,47397
OM25062700003369,2025-06-30,Z087658,重庆市江北区复盛镇人民政府,重庆市重庆市江北区复盛镇镇府重庆市,29.652905,106.800921,46106
OM25062700003500,2025-06-30,Z097145,大实幼-教师餐,重庆市重庆市沙坪坝区重庆市沙坪坝区大学城实验幼儿园,29.626253,106.340831,52346
OM25062700003523,2025-06-30,Z087975,国家税务总局重庆市璧山区税务局青杠所,重庆市重庆市璧山区白云大道491号,29.481045,106.244431,42891
OM25062700003666,2025-06-30,106479,重庆三峰卡万塔环境产业有限公司,三峰卡万塔大渡口区八桥镇建桥工业园建桥大道五号,29.454464,106.494448,56126
OM25062700003671,2025-06-30,Z074808,青木关第一幼儿园-教师餐,重庆市重庆市沙坪坝区青木关第一幼儿园青北下街80号,29.681187,106.311379,22924
OM25062700003672,2025-06-30,Z074808,青木关第一幼儿园-教师餐,重庆市重庆市沙坪坝区青木关第一幼儿园青北下街80号,29.681187,106.311379,22924
OM25062700003714,2025-06-30,Z093716,重庆两江新区嘉景湾幼儿园-幼儿餐,重庆市重庆市渝北区重庆市渝北区金海大道998号,29.702462,106.488323,49851
OM25062700003763,2025-06-30,Z089562,重庆人文艺术职业学校,重庆市重庆市巴南区重庆人文艺术职业学校重庆市巴南区南泉街道虎啸村,29.423402,106.595651,47360
OM25062700003786,2025-06-30,Z075216,重庆市江北区鱼嘴镇人民政府,重庆市重庆市江北区鱼嘴镇镇府,29.628511,106.767814,34259
OM25062700003827,2025-06-30,Z033050,重庆横河川仪有限公司,重庆市重庆市北碚区重庆市北碚区鼎新大道,29.667897,106.43982,48289
OM25062700003840,2025-06-30,Z100936,沙坪坝区公园管理中心,重庆市-沙坪坝区-解放坡1-1号平顶山公园,29.554136,106.478925,55591
OM25062700003851,2025-06-30,Z101207,沙坪坝区公园管理中心-沙坪公园,重庆市-沙坪坝区-解放坡1-1号平顶山公园,29.554136,106.478925,55591
OM25062700003857,2025-06-30,Z033050,重庆横河川仪有限公司,重庆市重庆市北碚区重庆市北碚区鼎新大道,29.667897,106.43982,48289
OM25062700003872,2025-06-30,109786,重庆市教育科学研究院,重庆市重庆市渝中区重庆市教育科学研究院,29.560878,106.549354,24462
OM25062700003916,2025-06-30,Z063486,长江重庆航道工程局,重庆市-渝中区-长江滨江路111号航道工程局,29.56081,106.591757,55941
OM25062700004040,2025-06-30,Z087663,保税港港欣8号餐厅—果园西区,重庆市重庆市江北区中华人民共和国重庆海关港重庆市江北区港埠路与隆港路交叉口正西方向85米,29.609495,106.744944,46107
OM25062700004045,2025-06-30,Z007477,考试中心（考试考核基地水果）,重庆市重庆市渝北区安全生产考试,29.602091,106.508461,25815
OM25062700004072,2025-06-30,Z090546,重庆两江新区水土高新技术产业园建设投资有限公司,重庆市重庆市北碚区水土高新技术产业园建设投资有限公司8楼,29.807428,106.535587,48004
OM25062700004395,2025-06-30,Z084510,国家税务总局重庆市税务局第五稽查局,重庆市重庆市南岸区第五稽查局南岸区通江大道209号（四号岗右转到4楼食堂）,29.48559,106.645811,43865
OM25062700004669,2025-06-30,200351,耐德-龙兴,重庆市重庆市渝北区耐德龙兴重庆是渝北区龙兴堡云路5号,29.681089,106.772502,25275
OM25062700004711,2025-06-30,Z085092,中信银行股份有限公司重庆渝中支行（日配）,重庆市重庆市渝中区合景聚融广场一单元27-7,29.560173,106.580104,52157
OM25062700004784,2025-06-30,Z012277,重庆市九龙坡区人民政府中梁山街道办事处,重庆市重庆市九龙坡区重庆市九龙坡区中梁山正街301号（导航中梁山街道办事处）重庆市九龙坡区中梁山正街301号（导航中梁山街道办事处）,29.46597,106.450784,23849
OM25062700004812,2025-06-30,Z077064,重庆市环境卫生事务中心,重庆市重庆市渝北区环境卫生事务中心渝北区-红石支路29号(花卉园地铁站2C口步行490米）,29.585954,106.51557,35267
OM25062700004886,2025-06-30,108293,重庆市北碚区天生幼儿园,天生幼儿园,29.833109,106.44339,59073
OM25062700004913,2025-06-30,Z087643,重庆凯源石油天然气有限责任公司,凯源燃气鸳鸯服务厅凯源燃气,29.664372,106.565222,56014
OM25062700004921,2025-06-30,Z099664,重庆三峰卡万塔环境产业有限公司三,三峰卡万塔大渡口区八桥镇建桥工业园建桥大道五号,29.454464,106.494448,56126
OM25062700005018,2025-06-30,Z091841,重庆清电新能源开发有限公司,重庆市重庆市渝北区清电新能源,29.615086,106.509122,48830
OM25062700005094,2025-06-30,Z007475,考试中心（考试考核基地菜）,重庆市重庆市渝北区安全生产考试,29.602091,106.508461,25815
OM25062700005097,2025-06-30,Z007476,考试中心（考试考核基地肉）,重庆市重庆市渝北区安全生产考试,29.602091,106.508461,25815
OM25062700005109,2025-06-30,106900,中国石油集团川庆钻探工程有限公司重庆运输总公司,重庆市重庆市渝北区红石支路299号中国石油川庆钻探工程有限公司重庆运输总公司,29.582631,106.514249,6385
OM25062700005129,2025-06-30,Z007479,考试中心（考试考核基地干副）,重庆市重庆市渝北区安全生产考试,29.602091,106.508461,25815
OM25062700005136,2025-06-30,Z090546,重庆两江新区水土高新技术产业园建设投资有限公司,重庆市重庆市北碚区水土高新技术产业园建设投资有限公司8楼,29.807428,106.535587,48004
OM25062700005370,2025-06-30,Z101204,回兴路食堂,重庆市-渝北区-宝桐路32号,29.688502,106.6134,55709
OM25062700005388,2025-06-30,Z101204,回兴路食堂,重庆市-渝北区-宝桐路32号,29.688502,106.6134,55709
OM25062700005495,2025-06-30,Z057841,重庆市人口和计划生育科学技术研究院附属医院,重庆市重庆市江北区江北区红黄路18号计生医院食堂,29.590335,106.537811,600
OM25062700005588,2025-06-30,Z097250,重庆市沙坪坝区阳光家园第一幼儿园_教师,重庆市沙坪坝区阳光家园第一幼儿园,29.650345,106.453638,58818
OM25062700005693,2025-06-30,200353,耐德-界石,重庆市重庆市巴南区巴南区界石镇石佛路8号,29.398649,106.626114,45768
OM25062700005716,2025-06-30,Z092710,重庆浩航船务有限公司,重庆市重庆市江北区浩航江北区金源路7号B区24楼,29.565588,106.533997,49520
OM25062700005725,2025-06-30,Z085080,中信银行-金州支行（日配）,重庆市重庆市渝北区力帆红星紫郡1栋20-4,29.650122,106.551843,6435
OM25062700005767,2025-06-30,Z085057,中信银行-南坪支行(日配）,重庆市重庆市南岸区南岸区学府大道2号重庆市重庆市南岸区南岸区学府大道2号江南国际新城6幢5-7,29.520627,106.581698,44143
OM25062700005771,2025-06-30,Z103442,重庆市人民检察院第五分院,重庆市-渝中区-经纬大道488号,29.550783,106.52288,56970
OM25062700005893,2025-06-30,Z072636,重庆市九龙坡区文化馆,重庆市重庆市九龙坡区重庆市九龙坡区西郊支路19号,29.511351,106.512547,32149
OM25062700005940,2025-06-30,Z072506,重庆一中-幼儿园,重庆市重庆市沙坪坝区重庆市沙坪坝区汉渝路17-5号,29.564749,106.473207,34296
OM25062700005966,2025-06-30,Z093833,重庆瑜煌电力设备制造有限公司-干副,重庆市-北碚区-凤西路6号瑜煌电力设备制造有限公司,29.771363,106.481465,58094
OM25062700005980,2025-06-30,Z093834,重庆瑜煌电力设备制造有限公司-蔬菜,重庆市-北碚区-凤西路6号瑜煌电力设备制造有限公司,29.771363,106.481465,58094
OM25062700006006,2025-06-30,Z093836,重庆顺泰铁塔制造有限公司-蔬菜,重庆市重庆市江北区重庆市江北区S101(海尔路),29.612773,106.641637,42668
OM25062700006017,2025-06-30,106516,重庆农村商业银行股份有限公司南岸支行,重庆市重庆市南岸区重庆市南岸区白鹤路76-11号,29.52491,106.549381,50503
OM25062700006102,2025-06-30,Z083410,新大正物业集团股份有限公司-奶制品,重庆市渝中区中山三路128-、130号,29.562133,106.55654,58890
OM25062700006255,2025-06-30,Z011499,安诚财产保险股份有限公司-2楼,重庆市重庆市江北区江北嘴金融城-2号T2,29.580888,106.57571,15857
OM25062700006266,2025-06-30,Z011499,安诚财产保险股份有限公司-2楼,重庆市重庆市江北区江北嘴金融城-2号T2,29.580888,106.57571,15857
OM25062700006267,2025-06-30,Z011499,安诚财产保险股份有限公司-2楼,重庆市重庆市江北区江北嘴金融城-2号T2,29.580888,106.57571,15857
OM25062700006268,2025-06-30,Z011499,安诚财产保险股份有限公司-2楼,重庆市重庆市江北区江北嘴金融城-2号T2,29.580888,106.57571,15857
OM25062700006269,2025-06-30,Z011499,安诚财产保险股份有限公司-2楼,重庆市重庆市江北区江北嘴金融城-2号T2,29.580888,106.57571,15857
OM25062700006270,2025-06-30,Z011499,安诚财产保险股份有限公司-2楼,重庆市重庆市江北区江北嘴金融城-2号T2,29.580888,106.57571,15857
OM25062700006271,2025-06-30,Z011499,安诚财产保险股份有限公司-2楼,重庆市重庆市江北区江北嘴金融城-2号T2,29.580888,106.57571,15857
OM25062700006279,2025-06-30,107058,厦门银行股份有限公司重庆分行,重庆市重庆市江北区重庆市江北区金沙门路,29.577264,106.575313,33593
OM25062700006304,2025-06-30,Z011499,安诚财产保险股份有限公司-2楼,重庆市重庆市江北区江北嘴金融城-2号T2,29.580888,106.57571,15857
OM25062700006409,2025-06-30,Z000614,中信银行股份有限公司重庆分行（日配）,重庆市重庆市江北区中信银行股份有限公司重庆分行江北嘴西大街5号B1楼,29.578312,106.577057,26180
OM25062700006431,2025-06-30,Z000614,中信银行股份有限公司重庆分行（日配）,重庆市重庆市江北区中信银行股份有限公司重庆分行江北嘴西大街5号B1楼,29.578312,106.577057,26180
OM25062700006442,2025-06-30,Z000614,中信银行股份有限公司重庆分行（日配）,重庆市重庆市江北区中信银行股份有限公司重庆分行江北嘴西大街5号B1楼,29.578312,106.577057,26180
OM25062700006451,2025-06-30,Z103637,重庆市九龙坡区金凤镇人民政府,重庆市-九龙坡区-凤苑路14号附3号1至3层,29.525253,106.324981,57066
OM25062700006452,2025-06-30,Z085629,一号楼,重庆市重庆市巴南区巴南区规划,29.416135,106.54485,44443
OM25062700006456,2025-06-30,Z009441,两江新区北大资源凯思幼儿园-学生,重庆市重庆市渝北区北大资源凯思幼儿园,29.657252,106.538812,44246
OM25062700006533,2025-06-30,Z009440,两江新区北大资源凯思幼儿园-老师,重庆市重庆市渝北区北大资源凯思幼儿园,29.657252,106.538812,44246
OM25062700006537,2025-06-30,Z085629,一号楼,重庆市重庆市巴南区巴南区规划,29.416135,106.54485,44443
OM25062700006545,2025-06-30,Z009440,两江新区北大资源凯思幼儿园-老师,重庆市重庆市渝北区北大资源凯思幼儿园,29.657252,106.538812,44246
OM25062700006547,2025-06-30,Z063067,渝中区红岩幼儿园-老师,重庆市重庆市渝中区渝中区千厮门行街15号重庆市渝中区千厮门行街15号,29.568028,106.590121,24887
OM25062700006552,2025-06-30,103945,重庆两江新区楠苑康复护理院有限公司,重庆市重庆市渝北区楠苑护理院,29.628072,106.487157,23851
OM25062700006558,2025-06-30,Z091831,教师食材,重庆市重庆市渝中区重庆市渝中区长江二路147号长江二路147号,29.541083,106.524603,47704
OM25062700006559,2025-06-30,Z091830,幼儿食材,重庆市重庆市渝中区重庆市渝中区长江二路147号长江二路147号,29.541083,106.524603,47704
OM25062700006582,2025-06-30,Z097261,佳华-老师,重庆市重庆市渝北区佳华幼儿园渝北区龙塔街道紫荆路社区156号,29.599319,106.539246,52369
OM25062700006594,2025-06-30,Z096790,大足电网—机关食堂,重庆市重庆市大足区大足区棠香街道五星大道中段71号国家电网大足供电公司,29.70041,105.738583,52198
OM25062700006627,2025-06-30,Z010535,浙商银行股份有限公司重庆分行,浙商银行信达国际C栋3楼（从负一楼车库进去）,29.619746,106.496322,56129
OM25062700006632,2025-06-30,Z014215,重庆市巴南区土地整治储备中心,重庆市重庆市巴南区龙德路77号6栋18楼,29.415515,106.54746,17016
OM25062700006656,2025-06-30,Z077796,重庆水务环境控股集团有限公司,重庆市重庆市渝中区渝中区虎踞路80号重庆总部城A区11栋渝中区虎踞路80号重庆总部城A区,29.554275,106.505464,35752
OM25062700006657,2025-06-30,Z077796,重庆水务环境控股集团有限公司,重庆市重庆市渝中区渝中区虎踞路80号重庆总部城A区11栋渝中区虎踞路80号重庆总部城A区,29.554275,106.505464,35752
OM25062700006660,2025-06-30,Z073824,西南大学-南区幼儿,重庆市重庆市北碚区西南大学实验幼儿园南区,29.816815,106.424981,33235
OM25062700006663,2025-06-30,Z073826,西南大学-北区幼儿,重庆市重庆市北碚区西南大学实验幼儿园西南大学5号门进去,29.834768,106.437744,33236
OM25062700006667,2025-06-30,Z096791,大足电网—城区食堂,重庆市重庆市大足区大足区环西路100号大足区国家电网汽车充电站,29.703558,105.70941,52200
OM25062700006676,2025-06-30,Z078247,西南医院幼儿园,沙坪坝区西南医院幼儿园,29.540679,106.453589,56147
OM25062700006690,2025-06-30,Z010535,浙商银行股份有限公司重庆分行,浙商银行信达国际C栋3楼（从负一楼车库进去）,29.619746,106.496322,56129
OM25062700006694,2025-06-30,Z078247,西南医院幼儿园,沙坪坝区西南医院幼儿园,29.540679,106.453589,56147
OM25062700006768,2025-06-30,110866,重庆市北碚区住房和城乡建设委员会,重庆市重庆市北碚区北碚城乡建设委员会定位对面就是食堂送到3楼,29.811194,106.412223,24392
OM25062700006781,2025-06-30,Z102432,重庆颐天康养产业发展有限公司,重庆市-渝中区-中山三128号、130号投资大厦车库电梯到负一楼颐天康养食堂,29.562989,106.556505,56131
OM25062700006783,2025-06-30,Z090782,巴南不动产登记中心-干副粮油,重庆市重庆市巴南区重庆市巴南区龙洲大道,29.425925,106.543865,43523
OM25062700006785,2025-06-30,107749,重庆市巴南不动产登记中心,重庆市重庆市巴南区重庆市巴南区龙洲大道,29.425925,106.543865,43523
OM25062700006788,2025-06-30,Z062050,重庆市渝北区人民政府人和街道办事处,重庆市重庆市渝北区人和街道办事处,29.633111,106.543666,22911
OM25062700006803,2025-06-30,Z007556,重庆百事天府饮料有限公司,重庆市重庆市渝北区重庆百事天府饮料有限公司,29.665203,106.609572,16719
OM25062700007031,2025-06-30,Z093835,重庆顺泰铁塔制造有限公司-干副,重庆市重庆市江北区重庆市江北区S101(海尔路),29.612773,106.641637,42668
OM25062700007061,2025-06-30,Z083409,新大正物业集团股份有限公司-肉类,重庆市渝中区中山三路128-、130号,29.562133,106.55654,58890
OM25062700007065,2025-06-30,Z087651,中电建重庆勘测设计研究院有限公司,重庆市重庆市渝北区渝北区财富大道3号财富汇10楼5号,29.616736,106.516845,46098
OM25062700007073,2025-06-30,Z083406,新大正物业集团股份有限公司-干副,重庆市渝中区中山三路128-、130号,29.562133,106.55654,58890
OM25062700007091,2025-06-30,Z083407,新大正物业股份有限公司-蔬菜,重庆市渝中区中山三路128-、130号,29.562133,106.55654,58890
OM25062700007150,2025-06-30,Z032457,重庆澋悦房地产开发有限公司,重庆市重庆市渝中区重庆市渝中区化龙桥正街211,29.557101,106.520006,43454
OM25062700007159,2025-06-30,Z050197,重庆科学城城市建设集团有限公司,重庆市重庆市九龙坡区青竹路高新ONE,29.523768,106.350857,23597
OM25062700007235,2025-06-30,Z012277,重庆市九龙坡区人民政府中梁山街道办事处,重庆市重庆市九龙坡区重庆市九龙坡区中梁山正街301号（导航中梁山街道办事处）重庆市九龙坡区中梁山正街301号（导航中梁山街道办事处）,29.46597,106.450784,23849
OM25062700007262,2025-06-30,Z087649,国家税务总局重庆两江新区税务局,重庆市重庆市渝北区两江税务,29.654847,106.564296,46111
OM25062700007278,2025-06-30,Z011499,安诚财产保险股份有限公司-2楼,重庆市重庆市江北区江北嘴金融城-2号T2,29.580888,106.57571,15857
OM25062700007279,2025-06-30,Z011499,安诚财产保险股份有限公司-2楼,重庆市重庆市江北区江北嘴金融城-2号T2,29.580888,106.57571,15857
OM25062700007280,2025-06-30,Z011499,安诚财产保险股份有限公司-2楼,重庆市重庆市江北区江北嘴金融城-2号T2,29.580888,106.57571,15857
OM25062700007281,2025-06-30,Z011499,安诚财产保险股份有限公司-2楼,重庆市重庆市江北区江北嘴金融城-2号T2,29.580888,106.57571,15857
OM25062700007290,2025-06-30,Z011499,安诚财产保险股份有限公司-2楼,重庆市重庆市江北区江北嘴金融城-2号T2,29.580888,106.57571,15857
OM25062700007306,2025-06-30,Z016899,中铁建生态环境有限公司-早餐,中铁建生态环境有限公司,29.80278,106.402117,55036
OM25062700007383,2025-06-30,Z000614,中信银行股份有限公司重庆分行（日配）,重庆市重庆市江北区中信银行股份有限公司重庆分行江北嘴西大街5号B1楼,29.578312,106.577057,26180
OM25062700007388,2025-06-30,Z000614,中信银行股份有限公司重庆分行（日配）,重庆市重庆市江北区中信银行股份有限公司重庆分行江北嘴西大街5号B1楼,29.578312,106.577057,26180
OM25062700007409,2025-06-30,Z080483,中国铁路成都局集团有限公司重庆建设指挥部,重庆市重庆市沙坪坝区青秀阅山8栋6楼，导航青秀阅山8栋,29.518068,106.448115,43140
OM25062700007434,2025-06-30,Z100105,重庆市渝北区体育事业发展中心,重庆市-渝北区-秋成大道与兰桂大道交叉口全民健身中心内,29.723521,106.575232,54822
OM25062700007492,2025-06-30,106824,重庆市巴南区人民政府惠民街道办事处,重庆市重庆市巴南区重庆市巴南区惠西路176号,29.464225,106.714731,54725
OM25062700007584,2025-06-30,Z063067,渝中区红岩幼儿园-老师,重庆市重庆市渝中区渝中区千厮门行街15号重庆市渝中区千厮门行街15号,29.568028,106.590121,24887
OM25062700007600,2025-06-30,Z091832,聘用教师食材,重庆市重庆市渝中区重庆市渝中区长江二路147号长江二路147号,29.541083,106.524603,47704
OM25062700007624,2025-06-30,Z016764,中国邮政集团有限公司重庆市江北区分公司,重庆市重庆市江北区中国邮政集团有限公司重庆市江北区分公司,29.585873,106.548418,19267
OM25062700007627,2025-06-30,Z097262,佳华-学生,重庆市重庆市渝北区佳华幼儿园渝北区龙塔街道紫荆路社区156号,29.599319,106.539246,52369
OM25062700007637,2025-06-30,Z014006,重庆九龙坡区铝都实验幼儿园大石堡分园,重庆市重庆市九龙坡区西彭镇铝城正街2号铝都实验幼儿园(大石堡分园),29.309595,106.333469,16225
OM25062700007669,2025-06-30,Z010535,浙商银行股份有限公司重庆分行,浙商银行信达国际C栋3楼（从负一楼车库进去）,29.619746,106.496322,56129
OM25062700007678,2025-06-30,Z010535,浙商银行股份有限公司重庆分行,浙商银行信达国际C栋3楼（从负一楼车库进去）,29.619746,106.496322,56129
OM25062700007680,2025-06-30,Z054113,长江重庆航道局,重庆市重庆市渝北区长江重庆航道局机关事务服务中心渝北区星辰路76号,29.609008,106.533262,26187
OM25062700007689,2025-06-30,Z010535,浙商银行股份有限公司重庆分行,浙商银行信达国际C栋3楼（从负一楼车库进去）,29.619746,106.496322,56129
OM25062700007696,2025-06-30,Z096910,大足电网—运检食堂,重庆市重庆市大足区大足区索性酒店旁大足电网云检电力公司,29.697112,105.742796,52299
OM25062700007700,2025-06-30,Z077796,重庆水务环境控股集团有限公司,重庆市重庆市渝中区渝中区虎踞路80号重庆总部城A区11栋渝中区虎踞路80号重庆总部城A区,29.554275,106.505464,35752
OM25062700007703,2025-06-30,Z078247,西南医院幼儿园,沙坪坝区西南医院幼儿园,29.540679,106.453589,56147
OM25062700007710,2025-06-30,105480,中国石油天然气股份有限公司西南化工销售重庆仓储中心,重庆市重庆市沙坪坝区中国石油西南化工销售重庆分公司,29.653095,106.396445,22326
OM25062700007719,2025-06-30,Z073825,西南大学-南区老师,重庆市重庆市北碚区西南大学实验幼儿园南区,29.816815,106.424981,33235
OM25062700007722,2025-06-30,Z073827,西南大学-北区老师,重庆市重庆市北碚区西南大学实验幼儿园西南大学5号门进去,29.834768,106.437744,33236
OM25062700007750,2025-06-30,Z088811,重庆市江北区人民政府石马河街道办事处,重庆市重庆市江北区江北区-余溪南路82号附25号3楼食堂,29.601242,106.48994,48022
OM25062700007768,2025-06-30,Z035134,重庆两江新区爱德蒙幼儿园-学生,湖云路12号爱德蒙幼儿园,29.661082,106.583517,58883
OM25062700007769,2025-06-30,Z088811,重庆市江北区人民政府石马河街道办事处,重庆市重庆市江北区江北区-余溪南路82号附25号3楼食堂,29.601242,106.48994,48022
OM25062700007794,2025-06-30,110866,重庆市北碚区住房和城乡建设委员会,重庆市重庆市北碚区北碚城乡建设委员会定位对面就是食堂送到3楼,29.811194,106.412223,24392
OM25062700007802,2025-06-30,Z086707,重庆市人口与家庭发展研究中心,重庆市重庆市渝北区重庆市人口与发展研究中心2楼食堂（平层）,29.657856,106.609065,40590
OM25062700007827,2025-06-30,106459,重庆智飞生物制品股份有限公司,国金中心L1  51楼,29.583062,106.578811,55520
OM25062800000052,2025-06-30,Z100128,重庆青凤科技发展有限公司,重庆市-沙坪坝区-凤集路与海博大道交口西北侧重庆市沙坪坝区凤集路与海博大道交叉口西北方向181米,29.715338,106.33835,54897
OM25062800000098,2025-06-30,Z063806,中机中联-中机建筑大厦,重庆市重庆市九龙坡区石桥铺中机建设科技大厦九龙坡长新路,29.548044,106.498158,25953
OM25062800000103,2025-06-30,Z064682,春田幼儿园-老师,沙坪坝区春田幼儿园重庆市沙坪坝区土湾新生村12号（沙坪坝区春田幼儿园）,29.561045,106.48455,57028
OM25062800000105,2025-06-30,Z064660,重庆市沙坪坝区春田幼儿园,沙坪坝区春田幼儿园重庆市沙坪坝区土湾新生村12号（沙坪坝区春田幼儿园）,29.561045,106.48455,57028
OM25062800000138,2025-06-30,Z086708,重庆市人口与家庭发展研究中心-耗材,重庆市重庆市渝北区重庆市人口与发展研究中心2楼食堂（平层）,29.657856,106.609065,40590
OM25062800000551,2025-06-30,Z100159,重庆一中一食堂-小卖部,重庆市沙坪坝区汉渝路17-5号,29.565228,106.472794,55019
OM25062800000554,2025-06-30,Z046615,重庆市渝北区北城书画艺术学校,重庆市重庆市渝北区金豆子幼稚园-南门,29.595375,106.51144,7346
OM25062800000599,2025-06-30,Z041908,重庆市北碚区人民法院,重庆市重庆市北碚区重庆市北碚区人民法院,29.804513,106.417592,20947
OM25062800000621,2025-06-30,Z085081,中信银行-金渝支行（日配）,重庆市重庆市渝北区金渝支行时代中心1号中信银行金渝支行时代中心1号门3栋6-3,29.658287,106.532388,44160
OM25062800000677,2025-06-30,Z093688,重庆市九龙坡区人民政府二郎街道办事处,重庆市重庆市九龙坡区二郎街道办事处二郎街道办事处食堂,29.510073,106.455966,50205
OM25062800000688,2025-06-30,Z006476,华能-9楼,土星B1栋9楼,29.624322,106.515487,56097
OM25062800000711,2025-06-30,Z006208,华能国际电力股份有限公司重庆分公司,重庆市重庆市渝北区星光五路8号（C3座）三楼,29.624592,106.517691,16742
OM25062800000907,2025-06-30,Z103491,重庆市渝北区道路运输事务中心工会委员会,重庆市-渝北区-高岩路112号重庆市渝北区高岩路112号,29.698856,106.619487,56937
OM25062800001049,2025-06-30,Z100128,重庆青凤科技发展有限公司,重庆市-沙坪坝区-凤集路与海博大道交口西北侧重庆市沙坪坝区凤集路与海博大道交叉口西北方向181米,29.715338,106.33835,54897
OM25062800001089,2025-06-30,Z063806,中机中联-中机建筑大厦,重庆市重庆市九龙坡区石桥铺中机建设科技大厦九龙坡长新路,29.548044,106.498158,25953
OM25062800001545,2025-06-30,Z046615,重庆市渝北区北城书画艺术学校,重庆市重庆市渝北区金豆子幼稚园-南门,29.595375,106.51144,7346
OM25062800001557,2025-06-30,Z100361,复兴法庭,重庆市-北碚区-兴平路与悦复大道交叉路口往东北约120米,29.793809,106.560036,55131
OM25062800001623,2025-06-30,Z011654,重庆市公安局沙坪坝区分局交通巡逻警察支队勤务五大队,重庆市重庆市沙坪坝区重庆市沙坪坝区西永大道,29.605,106.341044,34917
OM25062800001768,2025-06-30,Z058706,重庆中法供水-梁沱食堂,重庆市江北区宏帆路,29.59934,106.469056,58375
OM25062800001772,2025-06-30,Z059237,重庆中法供水-松树桥食堂,重庆市渝北区松石大道100号,29.588904,106.50817,58376
OM25062800001774,2025-06-30,Z058705,重庆中法供水-悦来食堂,重庆市渝北区富悦街,29.741987,106.545289,55165
OM25062800001781,2025-06-30,Z084092,渝北三号桥食堂,水气大楼3楼员工食堂,29.713308,106.632519,55099
OM25062800001886,2025-06-30,Z080914,农商行两江分行-奶制品,重庆市重庆市渝北区农村商业银行两江分行重庆市渝北区金童路重庆农村商业银行（两江分行）,29.645788,106.57406,684
OM25062800001921,2025-06-30,Z018307,重庆凯源石油天然气有限责任公司巴南分公司,巨星花园-停车场,29.467279,106.527229,57248
OM25062800001926,2025-06-30,Z018307,重庆凯源石油天然气有限责任公司巴南分公司,巨星花园-停车场,29.467279,106.527229,57248
OM25062800001967,2025-06-30,Z093833,重庆瑜煌电力设备制造有限公司-干副,重庆市-北碚区-凤西路6号瑜煌电力设备制造有限公司,29.771363,106.481465,58094
OM25062800001982,2025-06-30,Z078988,高金实业-一楼食堂,重庆市重庆市渝北区重庆市经济技术开发区北区云卉路1,29.692734,106.575573,526
OM25062800002202,2025-06-30,Z102494,幼儿园食堂,重庆市重庆市沙坪坝区陆军军医大学直幼儿园食堂,29.548087,106.454977,46901
OM25062800002222,2025-06-30,Z010537,重庆中机中联工程有限公司,重庆市重庆市九龙坡区渝州路17号A座中机中联工程有限公司车库二楼食堂门口,29.538306,106.489784,16212
OM25062800002520,2025-06-30,Z099019,沙环卫-环卫处食堂,重庆市沙坪坝区环境卫生管理处重庆市沙坪坝区环境卫生管理处,29.554766,106.479904,59032
OM25062800002662,2025-06-30,109977,重庆农村商业银行股份有限公司巴南支行,重庆市重庆市巴南区龙洲大道145号重庆农村商业银行24小时自助银行(巴南支行营业部)重庆市巴南区龙洲大道145号,29.415566,106.544137,23705
OM25062800002683,2025-06-30,Z033354,重庆铁路投资集团有限公司,重庆市重庆市江北区重庆铁路投资集团有限公司p1层,29.57739,106.575235,23895
OM25062800002705,2025-06-30,Z100362,柳荫法庭,重庆市-北碚区-柳江街126号,29.958465,106.611387,55133
OM25062800002721,2025-06-30,Z060348,国家税务总局重庆市璧山区税务局,重庆市重庆市璧山区璧山区人民法院-东门,29.586376,106.238898,1206
OM25062800002729,2025-06-30,Z060348,国家税务总局重庆市璧山区税务局,重庆市重庆市璧山区璧山区人民法院-东门,29.586376,106.238898,1206
OM25062800003188,2025-06-30,Z085598,重庆市爆破工程建设有限责任公司,重庆市重庆市江北区江北区华新村350号6层,29.575092,106.538333,44428
OM25062800003220,2025-06-30,Z010537,重庆中机中联工程有限公司,重庆市重庆市九龙坡区渝州路17号A座中机中联工程有限公司车库二楼食堂门口,29.538306,106.489784,16212
OM25062800003739,2025-06-30,Z113014,招商万桥（重庆）科技有限公司,重庆市重庆市南岸区万桥重庆市南岸区江龙路16号b区,29.535359,106.69207,30764
OM25062800003818,2025-06-30,Z047895,园林技工学校-教师,重庆市重庆市渝中区菜袁路203号重庆市园林技工学校,29.539833,106.529903,15623
OM25062800004147,2025-06-30,Z076436,重庆市巴南区理想城幼儿园,重庆市重庆市巴南区理想城幼儿园,29.434222,106.528709,49789
OM25062800004215,2025-06-30,105965,重庆两江新区丹鹤幼儿园,重庆市重庆市渝北区重庆市渝北区鸳鸯路157,29.670023,106.559716,46159
OM25062800004446,2025-06-30,Z085413,电信老机关食堂,"重庆市重庆市渝中区重庆市渝中区大坪正街51号电信大院
重庆市渝中区大坪正街51号电信大院",29.545507,106.520534,44325
OM25062800004469,2025-06-30,Z092813,重庆浩航船务有限公司,重庆市重庆市江北区浩航江北区金源路7号B区24楼,29.565588,106.533997,49520
OM25062800004609,2025-06-30,Z075634,重庆市沙坪坝区教师进修学院,重庆市重庆市沙坪坝区沙坪坝区教师进修学院,29.5642,106.475918,34422
OM25062800004682,2025-06-30,Z042628,重庆复旦中学附属幼儿园-学生其他类,重庆市重庆市渝中区渝中区较场口81号1幢重庆市渝中区较场口81号1幢,29.560892,106.583453,34556
OM25062800004777,2025-06-30,Z094604,大石堡幼儿园-教师,重庆市重庆市九龙坡区西彭镇铝城正街2号铝都实验幼儿园(大石堡分园),29.309595,106.333469,16225
OM25062800004938,2025-06-30,Z098967,铁山坪三楼食堂-调味品类,十八中学铁山坪铁山坪校区二楼,29.624552,106.682204,55023
OM25062800004945,2025-06-30,Z098965,铁山坪二楼食堂-调味品类,十八中学铁山坪铁山坪校区二楼,29.624552,106.682204,55023
OM25062800005125,2025-06-30,Z085090,中信银行-冉家坝支行（日配）,重庆市重庆市渝北区龙山路303号渝安龙都3栋19-2,29.594106,106.500604,18813
OM25062800005133,2025-06-30,105024,重庆两江新区中医院,重庆市重庆市渝北区两江新区中医院渝北区楠竹路3号,29.62849,106.484789,43160
OM25062800005141,2025-06-30,Z093374,理想城幼儿园-教师,重庆市重庆市巴南区理想城幼儿园,29.434222,106.528709,49789
OM25062800005153,2025-06-30,Z076436,重庆市巴南区理想城幼儿园,重庆市重庆市巴南区理想城幼儿园,29.434222,106.528709,49789
OM25062800005235,2025-06-30,105956,重庆两江新区启星幼儿园,重庆市重庆市渝北区重庆市渝北区鸳鸯路159-、161号,29.670285,106.559528,46252
OM25062800005250,2025-06-30,Z002868,中国人民解放军重庆市九龙坡区武装部（市区指挥中心）,杨家坪杨渡新村13幢人倵宾馆,29.504375,106.518865,57022
OM25062800005306,2025-06-30,Z041074,川仪自动化股份-办公室,重庆市重庆市渝北区黄山大道川仪,29.620207,106.499266,24835
OM25062800005374,2025-06-30,Z091160,快乐食间-老重大,重庆市重庆市沙坪坝区重庆大学B区,29.573581,106.465902,48390
OM25062800005656,2025-06-30,Z072015,重庆复旦中学附属幼儿园贰园-学生其他类,重庆市重庆市渝中区渝中区中兴路228号附13号渝中区中兴路228号附13号,29.557443,106.576256,34557
OM25062800005685,2025-06-30,Z099020,沙环卫-转运科,"重庆市重庆市沙坪坝区重庆市沙坪坝区凤天大道147号,立宇汽修厂右上方大门处重庆市沙坪坝区凤天大道147号,立宇汽修厂右上方大门处",29.532614,106.461372,46126
OM25062800005769,2025-06-30,Z035134,重庆两江新区爱德蒙幼儿园-学生,湖云路12号爱德蒙幼儿园,29.661082,106.583517,58883
OM25062800005862,2025-06-30,Z047140,重庆中国三峡博物馆-大礼堂,重庆市重庆市渝中区重庆中国三峡博物馆渝中区人民路236号,29.568347,106.556882,23844
OM25062800005880,2025-06-30,Z098963,铁山坪二楼食堂-面食,重庆市重庆市江北区十八中学铁山坪二楼食堂,29.624552,106.682204,54087
OM25062800005892,2025-06-30,Z103637,重庆市九龙坡区金凤镇人民政府,重庆市-九龙坡区-凤苑路14号附3号1至3层,29.525253,106.324981,57066
OM25062900000226,2025-06-30,Z100274,十八中观音桥面食-一楼三组,重庆市重庆市江北区十八中学观音桥观音桥校区食堂,29.581026,106.548222,54076
OM25062900000231,2025-06-30,Z103347,重庆市北碚区规划和自然资源局,重庆市-北碚区-卢作孚路555号,29.803608,106.408096,56835
OM25062900000261,2025-06-30,Z093263,重庆建工第十二建设有限责任公司,重庆市重庆市渝北区渝北区新牌坊龙珠花园瑞泰口腔楼上,29.605993,106.520058,49938
OM25062900000305,2025-06-30,Z033012,川仪自动化股份-蔡家园区单位食堂,重庆市重庆市北碚区重庆川仪调节阀有限公司,29.754229,106.484414,16452
OM25062900000322,2025-06-30,Z033012,川仪自动化股份-蔡家园区单位食堂,重庆市重庆市北碚区重庆川仪调节阀有限公司,29.754229,106.484414,16452
OM25062900000330,2025-06-30,Z033011,川仪自动化股份-北环园区单位食堂,重庆市重庆市渝北区重庆川仪自动化股份有限公司黄山大道,29.620278,106.499084,24769
OM25062900000339,2025-06-30,Z084476,高新区自来水-西所食堂,重庆市重庆市九龙坡区青竹路,29.5216,106.351461,43811
OM25062900000353,2025-06-30,Z094915,重庆中兴软件有限责任公司,重庆市重庆市渝北区渝北区星光五路3号2期1楼员工食堂,29.625885,106.518746,51164
OM25062900000356,2025-06-30,Z094915,重庆中兴软件有限责任公司,重庆市重庆市渝北区渝北区星光五路3号2期1楼员工食堂,29.625885,106.518746,51164
OM25062900000357,2025-06-30,Z039238,中国人民武装警察部队重庆市总队机关服务中心,龙山路66号武警总队（大龙山66号，大龙山2A出口前方100米）,29.596163,106.506101,55764
OM25062900000358,2025-06-30,Z094915,重庆中兴软件有限责任公司,重庆市重庆市渝北区渝北区星光五路3号2期1楼员工食堂,29.625885,106.518746,51164
OM25062900000362,2025-06-30,Z094915,重庆中兴软件有限责任公司,重庆市重庆市渝北区渝北区星光五路3号2期1楼员工食堂,29.625885,106.518746,51164
OM25062900000364,2025-06-30,Z094915,重庆中兴软件有限责任公司,重庆市重庆市渝北区渝北区星光五路3号2期1楼员工食堂,29.625885,106.518746,51164
OM25062900000365,2025-06-30,Z076721,重庆市綦江区益恒环保科技有限公司,重庆市重庆市綦江区 重庆市綦江区新盛街道德胜村5组178号厨余垃圾处理中心重庆市綦江区新盛街道德胜村5组,29.089485,106.648847,35021
OM25062900000373,2025-06-30,Z092480,高新区自来水-西彭,重庆市重庆市九龙坡区九龙坡区西彭镇森迪大道96号,29.332745,106.303766,50827
OM25062900000376,2025-06-30,Z009368,重庆两江新区上林幼儿园-老师,重庆市重庆市渝北区金童路251号奥林匹克花园10期23栋上林幼儿园导航直接导融创御锦停车库。从车库1号入口进入，往15栋方向走车位B048，旁边小门进,29.639156,106.564655,24902
OM25062900000377,2025-06-30,Z101157,重庆市地质矿产勘查开发局107地质队,重庆市-渝北区-腾芳大道6号,29.711383,106.611483,55521
OM25062900000388,2025-06-30,Z039238,中国人民武装警察部队重庆市总队机关服务中心,龙山路66号武警总队（大龙山66号，大龙山2A出口前方100米）,29.596163,106.506101,55764
OM25062900000465,2025-06-30,Z100941,二号线白居寺车辆段,重庆市-大渡口区张家湾轨道二号线白居寺车辆段,29.397201,106.441199,55601
OM25062900000472,2025-06-30,Z014624,重庆市沙坪坝区档案馆,重庆市重庆市沙坪坝区档案馆,29.546603,106.453437,15872
OM25062900000473,2025-06-30,Z069006,重庆市渝中区文化和旅游发展委员会,渝中区文化和旅游渝中区金汤街74号6层,29.560096,106.573154,57063
OM25062900000479,2025-06-30,Z100302,重庆高速资产经营管理有限公司石油销售分公司,重庆市-渝北区-龙脊路248号3号楼3楼重庆市渝北区龙脊路248号3号楼6-2,29.585424,106.501284,55100
OM25062900000484,2025-06-30,Z016899,中铁建生态环境有限公司-早餐,中铁建生态环境有限公司,29.80278,106.402117,55036
OM25062900000508,2025-06-30,Z099435,观音桥校区师生食堂,重庆市重庆市江北区十八中学观音桥观音桥校区食堂,29.581026,106.548222,54076
OM25062900000521,2025-06-30,Z099626,太极涵菡渝北分公司-二楼外卖,重庆市重庆市渝北区康美街道⼤⽵林恒⼭东路18号（一楼）太极集团新办公楼,29.63761,106.491675,25100
OM25062900000524,2025-06-30,Z098785,太极涵菡渝北分公司-二楼特色餐,重庆市重庆市渝北区康美街道⼤⽵林恒⼭东路18号（一楼）太极集团新办公楼,29.63761,106.491675,25100
OM25062900000535,2025-06-30,Z010725,太极涵菡渝北分公司-一楼,重庆市重庆市渝北区康美街道⼤⽵林恒⼭东路18号（一楼）太极集团新办公楼,29.63761,106.491675,25100
OM25062900000540,2025-06-30,Z097699,太极涵菡渝北分公司-二楼早餐,重庆市重庆市渝北区康美街道⼤⽵林恒⼭东路18号（一楼）太极集团新办公楼,29.63761,106.491675,25100
OM25062900000542,2025-06-30,Z100529,两路口基地,新干线大厦B座新干线大厦B座4楼,29.559583,106.554929,55213
OM25062900000580,2025-06-30,Z110078,地质勘察——早餐,重庆市-北碚区-同德路12号,29.76077,106.47412,57408
OM25062900000791,2025-06-30,Z044332,重庆金融街融迈置业有限公司,重庆市重庆市江北区建新东路88号金融街融景中心负一楼食堂重庆市江北区建新东路88号金融街融景中心负一楼食堂,29.583119,106.563338,23721
OM25062900000881,2025-06-30,Z085099,中信银行-九龙坡支行（日配）,重庆市重庆市九龙坡区西郊路17号四季花园1栋九龙坡区西郊路17号四季花园1栋4-3,29.511616,106.520194,46344
OM25062900000937,2025-06-30,Z076046,中国人民解放军海军装备部驻广州地区军事代表局驻重庆地区第一军事代表室,重庆市重庆市渝中区渝中区长江二路157-7号附近渝中区长江二路157-7号附近,29.540642,106.522804,34633
OM25062900000949,2025-06-30,Z102250,重庆市渝中区机关事务服务中心（奶BF）,重庆市-渝中区-和平路管家巷9号,29.558923,106.575354,54979
OM25062900000968,2025-06-30,Z055073,重庆市沙坪坝区回龙坝镇人民政府,重庆市重庆市沙坪坝区回龙北街21号,29.710435,106.389452,15908
OM25062900000975,2025-06-30,Z074101,两江物业—职能中心食堂,重庆市重庆市渝北区渝北区御园路92号东北方向180米,29.693393,106.820019,46273
OM25062900000985,2025-06-30,Z084092,渝北三号桥食堂,水气大楼3楼员工食堂,29.713308,106.632519,55099
OM25062900000991,2025-06-30,Z059237,重庆中法供水-松树桥食堂,重庆市渝北区松石大道100号,29.588904,106.50817,58376
OM25062900000994,2025-06-30,Z044332,重庆金融街融迈置业有限公司,重庆市重庆市江北区建新东路88号金融街融景中心负一楼食堂重庆市江北区建新东路88号金融街融景中心负一楼食堂,29.583119,106.563338,23721
OM25062900000995,2025-06-30,Z093498,重庆市九龙坡区鹅公岩小学校-早餐,鹅公岩小学鹅公岩小学,29.529111,106.529894,55708
OM25062900001003,2025-06-30,Z062283,金沙幼儿园-学生,重庆市重庆市沙坪坝区重庆市沙坪坝区沙滨路财信·沙滨城市A区13栋 重庆市沙坪坝区沙滨路财信·沙滨城市A区13栋,29.56205,106.486467,23064
OM25062900001068,2025-06-30,105715,重庆建工桥梁工程有限责任公司,重庆市重庆市南岸区重庆市南岸区重庆建工桥梁技术中心(南城大道),29.52993,106.576253,23715
OM25062900001208,2025-06-30,Z007473,考试中心（应急管理局干副）,重庆市重庆市渝北区重庆市应急管理局应急局,29.62111,106.506619,35355
OM25062900001212,2025-06-30,Z119272,中国人民解放军陆军第九五三医院,重庆市-江津区-光明路江津区支坪镇,29.246407,106.396359,58816
OM25062900001261,2025-06-30,Z064756,重庆市公安局特勤局,重庆市渝北区新南路一号重庆市渝北区新南路1号,29.606843,106.519062,58337
OM25062900001268,2025-06-30,Z102501,招待所食堂,重庆市重庆市沙坪坝区瑜园瑜园大门左手边，不进大门，招待所食堂,29.542762,106.454114,46904
OM25062900001309,2025-06-30,Z064756,重庆市公安局特勤局,重庆市渝北区新南路一号重庆市渝北区新南路1号,29.606843,106.519062,58337
OM25062900001323,2025-06-30,Z064756,重庆市公安局特勤局,重庆市渝北区新南路一号重庆市渝北区新南路1号,29.606843,106.519062,58337
OM25062900001340,2025-06-30,Z033011,川仪自动化股份-北环园区单位食堂,重庆市重庆市渝北区重庆川仪自动化股份有限公司黄山大道,29.620278,106.499084,24769
OM25062900001341,2025-06-30,Z084475,高新区自来水-大学城食堂,重庆市重庆市沙坪坝区西永大道199号,29.603472,106.338853,43812
OM25062900001362,2025-06-30,Z009298,重庆两江新区上林幼儿园-学生,重庆市重庆市渝北区金童路251号奥林匹克花园10期23栋上林幼儿园导航直接导融创御锦停车库。从车库1号入口进入，往15栋方向走车位B048，旁边小门进,29.639156,106.564655,24902
OM25062900001452,2025-06-30,Z011688,重庆同兴医疗废物处理有限公司,重庆市重庆市北碚区田坝子村重庆同兴医疗废物处理公司,29.677463,106.440827,6138
OM25062900001504,2025-06-30,Z060302,重庆市九龙坡区公路事务中心,重庆市重庆市九龙坡区高农村11组40号,29.407871,106.381747,16138
OM25062900001570,2025-06-30,Z072499,中建五局—观音桥项目,重庆市重庆市江北区俊豪名居21-7,29.58118,106.535406,35563
OM25062900001591,2025-06-30,Z102504,虎溪校区--内训,重庆市-沙坪坝区-大学城南路富力城时光里对面陆军虎溪校区,29.605097,106.330443,55876
OM25062900001777,2025-06-30,Z044332,重庆金融街融迈置业有限公司,重庆市重庆市江北区建新东路88号金融街融景中心负一楼食堂重庆市江北区建新东路88号金融街融景中心负一楼食堂,29.583119,106.563338,23721
OM25062900001778,2025-06-30,Z044332,重庆金融街融迈置业有限公司,重庆市重庆市江北区建新东路88号金融街融景中心负一楼食堂重庆市江北区建新东路88号金融街融景中心负一楼食堂,29.583119,106.563338,23721
OM25062900001855,2025-06-30,Z085728,重庆市沙坪坝区公共停车管理处,重庆市重庆市沙坪坝区沙坪坝区沙杨路3重庆市沙坪坝区沙南停车场2单元5,29.567755,106.469852,44527
OM25062900001861,2025-06-30,Z071228,渝北区消防救援支队-空港新城站点,重庆市重庆市渝北区重庆市渝北区仙桃街道顺义路217号空港新城消防站点,29.715429,106.605248,33157
OM25062900001891,2025-06-30,Z034552,中信银行-渝北支行（日配）,重庆市重庆市渝北区好莱坞8栋2-1,29.712397,106.613147,50990
OM25062900001908,2025-06-30,Z091288,招商智翔道路科技（重庆）有限公司,重庆市重庆市南岸区重庆市南岸区X241(长电路),29.479177,106.644376,49788
OM25062900001918,2025-06-30,Z119201,中国人民解放军联勤保障部队第九〇四医院,重庆市-江津区-光明路江津区支坪镇,29.246407,106.396359,58789
OM25062900001936,2025-06-30,Z041818,金融街重庆裕隆实业有限公司,重庆市重庆市沙坪坝区磁器口横街167号附3号（磁器口后街游客服务中心）二期车库入口沙坪坝区磁器口横街167号附3号二期车库入口,29.585594,106.454312,23720
OM25062900001938,2025-06-30,Z024312,重庆市南岸区市场监督管理局（日配）,重庆市重庆市南岸区南岸区市场监督管理局,29.527648,106.573013,28002
OM25062900001939,2025-06-30,Z073005,依星酒店-客餐,重庆市重庆市渝北区渝北区舟济路,29.724688,106.617365,32693
OM25062900001944,2025-06-30,Z088295,重庆市南岸区贝立方幼儿园,重庆市重庆市南岸区重庆南岸区贝立方幼儿园重庆南岸茶园新区水云路城南家园八组团贝立方幼儿园,29.518215,106.653274,46533
OM25062900001946,2025-06-30,Z100202,重庆市渝中区机关事务服务中心（奶）,重庆市-渝中区-和平路管家巷9号,29.558923,106.575354,54979
OM25062900001958,2025-06-30,Z083869,悦来食堂,重庆市重庆市渝北区中法供水后保安亭,29.742892,106.546076,54265
OM25062900001987,2025-06-30,Z047141,重庆中国三峡博物馆-丹回路,重庆市重庆市南岸区丹回路1号,29.517229,106.556809,23847
OM25062900001997,2025-06-30,Z092498,252513-永川站点,重庆市重庆市永川区重庆市永川区双石镇大涧口大向餐馆重庆市永川区双石镇大涧口八矛田村88号山下,29.394878,105.809037,49333
OM25062900002009,2025-06-30,Z101550,重庆市渝北区启诚巴蜀小学_2,重庆市重庆市渝北区启诚巴蜀小学重庆市渝北区悦城路53-29号启诚巴蜀小学西门,29.718163,106.557964,23688
OM25062900002011,2025-06-30,Z014005,重庆九龙坡区铝都实验幼儿园,重庆市重庆市九龙坡区西彭镇三村铝都实验幼儿园,29.306186,106.335525,5917
OM25062900002041,2025-06-30,Z085085,中信银行--观音桥支行（日配）,重庆市重庆市江北区重庆市江北区李家坪立交,29.571562,106.526012,47852
OM25062900002046,2025-06-30,Z004453,两江天宫殿嘉欣幼儿园-学生,重庆市重庆市渝北区天宫殿派出所东湖张15308395462(每周交替),29.609917,106.550159,35938
OM25062900002051,2025-06-30,111960,两江天宫殿嘉欣幼儿园-老师,重庆市重庆市渝北区天宫殿派出所东湖张15308395462(每周交替),29.609917,106.550159,35938
OM25062900002055,2025-06-30,Z103491,重庆市渝北区道路运输事务中心工会委员会,重庆市-渝北区-高岩路112号重庆市渝北区高岩路112号,29.698856,106.619487,56937
OM25062900002067,2025-06-30,Z004452,两江人和嘉欣幼儿园-学生,重庆市重庆市渝北区人和加新花园1区,29.627245,106.534572,6247
OM25062900002071,2025-06-30,111942,两江人和嘉欣幼儿园-老师,重庆市重庆市渝北区人和加新花园1区,29.627245,106.534572,6247
OM25062900002077,2025-06-30,Z085097,中信银行-大坪支行（日配）,重庆市重庆市渝中区龙湖大时代23号楼11-1龙湖大时代23号楼11-1,29.540617,106.521073,44165
OM25062900002098,2025-06-30,107058,厦门银行股份有限公司重庆分行,重庆市重庆市江北区重庆市江北区金沙门路,29.577264,106.575313,33593
OM25062900002118,2025-06-30,Z068674,重庆两江新区华师中旭学校,重庆市重庆市渝北区重庆市渝北区两江新区嵩山北路702号华师重庆市-渝北区-两江新区嵩山北路,29.649728,106.494806,29658
OM25062900002119,2025-06-30,Z025311,重庆熙街购物中心管理有限公司,重庆市重庆市沙坪坝区美丽熙街-28号楼,29.608528,106.30965,7549
OM25062900002164,2025-06-30,Z035063,重庆市港航海事事务中心,重庆市重庆市江北区重庆市港航管理局19楼,29.590116,106.532812,15765
OM25062900002172,2025-06-30,Z035063,重庆市港航海事事务中心,重庆市重庆市江北区重庆市港航管理局19楼,29.590116,106.532812,15765
OM25062900002201,2025-06-30,Z102491,虎溪校区外训,重庆市重庆市沙坪坝区富力城时光里小区对面陆军军医大学虎溪校区食堂,29.605942,106.328098,46902
OM25062900002253,2025-06-30,108824,中建五局第三建设有限公司重庆分公司,重庆市重庆市渝北区渝北区新南路451号重庆市渝北区新南路451号 祈年 悦城2楼,29.606218,106.50355,23577
OM25062900002258,2025-06-30,Z069464,国投健康养老服务（重庆）有限公司-水果,沙坪坝区社会福利养护中心土主镇一纵线交叉路口处,29.641469,106.375095,55965
OM25062900002262,2025-06-30,Z066472,重庆中容石化机械制造有限公司,重庆市重庆市沙坪坝区中容石化沙坪坝区井盛路11号办公室201门口,29.660458,106.455459,54216
OM25062900002264,2025-06-30,Z016899,中铁建生态环境有限公司-早餐,中铁建生态环境有限公司,29.80278,106.402117,55036
OM25062900002287,2025-06-30,Z083974,重庆高新技术产业开发区管理委员会-白案,重庆市重庆市九龙坡区高新区管委会重庆市九龙坡区高新区高新大道6号高新区管委会,29.518986,106.342437,43373
OM25062900002292,2025-06-30,Z105087,重庆市正源水务工程质量检测有限责任公司,重庆市-北碚区-联东U谷A区10号楼中交长江建设水利水电工程检测中心,29.827536,106.540485,57426
OM25062900002293,2025-06-30,Z071577,中国共产党重庆市巴南区委员会党校,巴南区花溪街道红光大道15号中共巴南区党校,29.45729,106.555913,55551
OM25062900002295,2025-06-30,Z083975,重庆高新技术产业开发区管理委员会-凉菜,重庆市重庆市九龙坡区高新区管委会重庆市九龙坡区高新区高新大道6号高新区管委会,29.518986,106.342437,43373
OM25062900002305,2025-06-30,Z119161,陆军第八十一集团军医院,重庆市-江津区江津区支坪镇椒湾村,29.270314,106.387972,58826
OM25062900002307,2025-06-30,Z024032,重庆市江北区人力资源和社会保障局,重庆市重庆市江北区重庆市江北区观音桥商圈建新东路9号,29.579964,106.54306,35789
OM25062900002311,2025-06-30,Z083972,重庆高新技术产业开发区管理委员会-小锅,重庆市重庆市九龙坡区高新区管委会重庆市九龙坡区高新区高新大道6号高新区管委会,29.518986,106.342437,43373
OM25062900002322,2025-06-30,Z086817,重庆市渝中区城市管理综合行政执法支队,重庆市重庆市渝中区和平路187号二楼,29.559868,106.575754,45412
OM25062900002360,2025-06-30,Z092499,252572-科园五路,重庆市重庆市九龙坡区九龙坡区科园五路27号,29.535626,106.501673,49371
OM25062900002363,2025-06-30,Z048599,中铁一局-新拌合站（东站）,重庆市重庆市南岸区方林苑休闲度假村拌合站食堂,29.502553,106.684044,26774
OM25062900002388,2025-06-30,Z089267,教职工食堂2,重庆市重庆市沙坪坝区勤务学院教职工食堂,29.635466,106.324651,46456
OM25062900002397,2025-06-30,Z014415,重庆市食品药品检验检测研究院-白案,重庆市重庆市渝北区春兰二路1号,29.624062,106.521924,19808
OM25062900002399,2025-06-30,Z084372,重庆市沙坪坝区养老服务中心（重庆市沙坪坝区福利院）,重庆市重庆市沙坪坝区重庆市重庆市沙坪坝区沙坪坝区高滩岩正街93号,29.538004,106.45324,45771
OM25062900002400,2025-06-30,Z084529,重庆国际物流枢纽园区-领导餐,重庆市重庆市沙坪坝区沙坪坝区黄金湾·智谷(享通路西) 沙坪坝区享通路沙坪坝区黄金湾·智谷(享通路西) 沙坪坝区享通路,29.641279,106.39973,43836
OM25062900002406,2025-06-30,Z088278,招待所餐厅,重庆市重庆市沙坪坝区勤务学院招待所,29.635466,106.324651,46455
OM25062900002438,2025-06-30,Z014407,重庆市食品药品检验检测研究院-红案,重庆市重庆市渝北区春兰二路1号,29.624062,106.521924,19808
OM25062900002442,2025-06-30,Z101156,重庆建工第三建设有限责任公司高新建材分公司,重庆市-綦江区-金福大道42号,28.973976,106.694554,55677
OM25062900002507,2025-06-30,200351,耐德-龙兴,重庆市重庆市渝北区耐德龙兴重庆是渝北区龙兴堡云路5号,29.681089,106.772502,25275
OM25062900002518,2025-06-30,Z085070,中信银行-巴南支行（日配）,巴南区水利局巴南区中信银行(重庆巴南支行)巴南区水利局家属楼21-1,29.384211,106.533595,54644
OM25062900002528,2025-06-30,Z102495,陆军军医大学三食堂-大灶,陆军军医大学三食堂,29.540749,106.458697,56127
OM25062900002536,2025-06-30,Z093929,重庆市渝北区救助管理站,重庆市重庆市渝北区翠屏路39号车进大门后坐电梯到负一楼交货,29.676689,106.626249,50438
OM25062900002546,2025-06-30,Z102530,陆军军医大学三食堂-冒菜,陆军军医大学三食堂,29.540749,106.458697,56127
OM25062900002560,2025-06-30,Z062321,两江小博士幼儿园-保亿丽景分园,重庆市重庆市北碚区重庆市北碚区嘉运大道,29.725997,106.470313,49007
OM25062900002562,2025-06-30,Z062321,两江小博士幼儿园-保亿丽景分园,重庆市重庆市北碚区重庆市北碚区嘉运大道,29.725997,106.470313,49007
OM25062900002569,2025-06-30,Z089385,重庆市渝北区科学技术协会,重庆市重庆市渝北区渝北区广电大楼渝北区广电大楼4F,29.719035,106.634226,47206
OM25062900002572,2025-06-30,Z004455,两江小博士幼儿园-学生,重庆市重庆市渝北区天宫殿街道丁香路200号,29.607034,106.561772,6287
OM25062900002577,2025-06-30,111932,两江小博士幼儿园-老师,重庆市重庆市渝北区天宫殿街道丁香路200号,29.607034,106.561772,6287
OM25062900002616,2025-06-30,109977,重庆农村商业银行股份有限公司巴南支行,重庆市重庆市巴南区龙洲大道145号重庆农村商业银行24小时自助银行(巴南支行营业部)重庆市巴南区龙洲大道145号,29.415566,106.544137,23705
OM25062900002642,2025-06-30,Z072008,重庆复旦中学附属幼儿园贰园-教师肉类,重庆市重庆市渝中区渝中区中兴路228号附13号渝中区中兴路228号附13号,29.557443,106.576256,34557
OM25062900002645,2025-06-30,Z072006,重庆复旦中学附属幼儿园贰园-教师蔬菜类,重庆市重庆市渝中区渝中区中兴路228号附13号渝中区中兴路228号附13号,29.557443,106.576256,34557
OM25062900002647,2025-06-30,Z089586,重庆复旦中学附属幼儿园贰园-教师油盐辅料,重庆市重庆市渝中区渝中区中兴路228号附13号渝中区中兴路228号附13号,29.557443,106.576256,34557
OM25062900002660,2025-06-30,Z069155,重庆裕同印刷包装有限公司-新厂,重庆市重庆市渝北区重庆市渝北区裕同君和包装有限公司,29.670764,106.667904,40391
OM25062900002661,2025-06-30,Z109141,陆军勤务学院训练基地教工食堂,重庆市-九龙坡区-渝州路79号,29.545444,106.502051,58278
OM25062900002665,2025-06-30,Z110138,陆军勤务学院训练基地第二食堂,重庆市-九龙坡区-渝州路79号,29.541099,106.502518,58280
OM25062900002673,2025-06-30,Z109140,陆军勤务学院训练基地第一食堂,重庆市-九龙坡区-渝州路街道渝州路79号重庆市九龙坡区渝州路街道渝州路79号,29.541437,106.504022,58275
OM25062900002679,2025-06-30,Z094605,窑瓦溪幼儿园-教师,重庆市重庆市九龙坡区西彭镇西南铝业集团民生实业公司幼教中心窑瓦溪幼儿园,29.317011,106.333688,5967
OM25062900002680,2025-06-30,Z036405,重庆市北碚区童家溪镇人民政府,重庆市重庆市北碚区童家溪镇人民政府,29.689305,106.454883,16436
OM25062900002710,2025-06-30,107099,重庆国宾妇产医院有限公司-vip食堂,重庆市重庆市渝中区国宾妇产医院上清寺39号25楼,29.564366,106.551376,27009
OM25062900002744,2025-06-30,Z109194,西南医院杏林楼九楼,重庆市-沙坪坝区-高滩岩正街29号阳光康居东门内杏林楼,29.53965,106.454078,58328
OM25062900002748,2025-06-30,107912,重庆特园民主党派历史陈列馆,重庆市重庆市渝中区中国民主党派历史陈列馆,29.56729,106.552594,22213
OM25062900002750,2025-06-30,Z109193,西南医院杏林楼二楼,重庆市-沙坪坝区-高滩岩正街29号阳光康居东门内杏林楼,29.53965,106.454078,58328
OM25062900002752,2025-06-30,Z013818,重庆建工建材物流有限公司-总部,重庆市重庆市江北区建工建材物流有限公司江北区港城东路6号两江产业园,29.635736,106.670684,28210
OM25062900002756,2025-06-30,Z109192,西南医院杏林楼一楼,重庆市-沙坪坝区-高滩岩正街29号阳光康居东门内杏林楼,29.53965,106.454078,58328
OM25062900002766,2025-06-30,Z102981,重庆曾家岩大桥建设管理有限公司_荤菜,曾家岩大桥建设,29.571809,106.555505,56760
OM25062900002836,2025-06-30,Z065560,中交四航（重庆）供应链管理有限公司,沙坪坝区回龙坝镇垄安大道550号中交重庆冷链智慧产业园中交重庆冷链智慧产业园1楼,29.685311,106.386067,57865
OM25062900002840,2025-06-30,Z086676,新大正物业集团股份有限公司（证监局）,渝中区五一路99号广发银行大厦37楼渝中区五一路99号广发银行大厦3,29.565019,106.587073,56029
OM25062900002843,2025-06-30,Z086676,新大正物业集团股份有限公司（证监局）,渝中区五一路99号广发银行大厦37楼渝中区五一路99号广发银行大厦3,29.565019,106.587073,56029
OM25062900002858,2025-06-30,Z063682,重庆万普隆能源技术有限公司,重庆市重庆市沙坪坝区万普隆,29.573053,106.291009,26215
OM25062900002868,2025-06-30,Z041404,大连银行股份有限公司重庆分行,大连银行(重庆分行),29.597302,106.520366,58980
OM25062900002873,2025-06-30,Z089319,重庆市渝水水务机械有限公司,重庆市重庆市九龙坡区渝水水务机械有限公司东一门,29.479363,106.459658,47186
OM25062900002906,2025-06-30,Z041984,上海浦东发展银行股份有限公司重庆分行,重庆市重庆市渝北区重庆市渝北区星光大道78号,29.622034,106.517299,31565
OM25062900002907,2025-06-30,Z091933,重庆复旦中学附属幼儿园贰园-教师粮食,重庆市重庆市渝中区渝中区中兴路228号附13号渝中区中兴路228号附13号,29.557443,106.576256,34557
OM25062900002909,2025-06-30,Z080410,重庆市九龙坡区市场监督管理局,重庆市重庆市九龙坡区重庆市九龙坡区西郊路24巷27-5号,29.511181,106.519389,41360
OM25062900002955,2025-06-30,Z085096,中信银行-杨家坪支行（日配）,重庆市重庆市九龙坡区重庆市九龙坡区杨家坪正街3附1号7-6,29.518995,106.524106,49139
OM25062900002956,2025-06-30,Z085085,中信银行--观音桥支行（日配）,重庆市重庆市江北区重庆市江北区李家坪立交,29.571562,106.526012,47852
OM25062900002980,2025-06-30,Z114011,巴南人保,重庆市-巴南区-鱼洞街道鱼轻路9号重庆市巴南区鱼洞鱼轻路7号、9号,29.38604,106.527503,58368
OM25062900002993,2025-06-30,Z100652,中国铁路设计集团有限公司（CQ）,重庆市-江北区-东升门路63号金融城贰-(T1-2楼),29.581245,106.575288,55344
OM25062900002999,2025-06-30,Z085060,中信银行股份有限公司重庆科学城支行（日配）,重庆市-沙坪坝区-学城大道60号万云府4栋2单元602,29.610625,106.381274,55306
OM25062900003018,2025-06-30,Z058706,重庆中法供水-梁沱食堂,重庆市江北区宏帆路,29.59934,106.469056,58375
OM25062900003025,2025-06-30,109349,中铁二十局集团房地产开发有限公司,重庆市重庆市南岸区中铁二十局集团房地产,29.503125,106.656399,24388
OM25062900003031,2025-06-30,Z058705,重庆中法供水-悦来食堂,重庆市渝北区富悦街,29.741987,106.545289,55165
OM25062900003042,2025-06-30,Z085089,中信银行-两江支行（日配）,重庆市重庆市渝北区中信两江支行,29.652119,106.572532,50291
OM25062900003058,2025-06-30,Z011838,九龙坡区城管综合执法支队-兰花小区,重庆市重庆市九龙坡区九龙坡区兰花五小区5号市政大厦,29.521159,106.466888,25113
OM25062900003068,2025-06-30,Z085074,中信银行股份有限公司重庆沙坪坝支行（日配）,嘉福苑沙坪坝区小龙坎沙坪坝区小龙坎正街188号9-4,29.558169,106.470524,58655
OM25062900003083,2025-06-30,Z085071,中信银行-三峡广场支行(日配）,重庆市重庆市沙坪坝区沙坪坝区金沙港湾支路重庆市沙坪坝区金沙港湾支路,29.565238,106.484252,44155
OM25062900003086,2025-06-30,107058,厦门银行股份有限公司重庆分行,重庆市重庆市江北区重庆市江北区金沙门路,29.577264,106.575313,33593
OM25062900003087,2025-06-30,Z071232,渝北区消防救援支队-龙溪站点,重庆市重庆市渝北区重庆市渝北区嘉州路4号,29.594603,106.530134,35625
OM25062900003099,2025-06-30,Z072471,重庆两江新区玉兰路翰林幼儿园,重庆市重庆市渝北区天宫殿派出所东湖张光美15308395462(以后都送到天宫殿嘉欣),29.609917,106.550159,35939
OM25062900003110,2025-06-30,Z073719,翰林幼儿园老师,重庆市重庆市渝北区两江新区玉兰路翰林幼儿园,29.610524,106.550555,33142
OM25062900003159,2025-06-30,Z085078,中信银行股份有限公司重庆大渡口支行（日配）,重庆市重庆市大渡口区大渡口松青路1029号中信银行大渡口支行大渡口松青路1029号,29.48285,106.48727,44158
OM25062900003160,2025-06-30,Z047561,重庆市九龙坡区含谷镇人民政府,重庆市重庆市九龙坡区含谷人民政府,29.523009,106.384147,44531
OM25062900003197,2025-06-30,Z071258,渝北区消防救援支队-台商站点,重庆市重庆市渝北区重庆市渝北区翠屏路与龙石路交叉路口东北侧直接岗亭，别电话,29.676158,106.616885,34913
OM25062900003213,2025-06-30,Z034551,中信银行股份有限公司重庆鲁能星城支行（日配）,重庆市重庆市渝北区鲁能星城四街区12栋鲁能星城4街区12栋1-15-3,29.599541,106.561726,46342
OM25062900003229,2025-06-30,Z100029,重庆市地震局,重庆市-渝北区-金石大道300号地震局二楼食堂,29.648569,106.599907,50745
OM25062900003245,2025-06-30,Z069006,重庆市渝中区文化和旅游发展委员会,渝中区文化和旅游渝中区金汤街74号6层,29.560096,106.573154,57063
OM25062900003262,2025-06-30,Z000614,中信银行股份有限公司重庆分行（日配）,重庆市重庆市江北区中信银行股份有限公司重庆分行江北嘴西大街5号B1楼,29.578312,106.577057,26180
OM25062900003264,2025-06-30,Z068587,国投健康养老服务（重庆）有限公司,沙坪坝区社会福利养护中心土主镇一纵线交叉路口处,29.641469,106.375095,55965
OM25062900003269,2025-06-30,107842,中交第三公路工程局有限公司第四分公司,重庆市重庆市渝北区中交第三公路第四分公司渝北区黄山大道信达国际D栋2楼，中国交建食堂,29.619976,106.497226,25325
OM25062900003322,2025-06-30,Z083971,重庆高新技术产业开发区管理委员会-煮面间,重庆市重庆市九龙坡区高新区管委会重庆市九龙坡区高新区高新大道6号高新区管委会,29.518986,106.342437,43373
OM25062900003344,2025-06-30,Z083973,重庆高新技术产业开发区管理委员会-大锅,重庆市重庆市九龙坡区高新区管委会重庆市九龙坡区高新区高新大道6号高新区管委会,29.518986,106.342437,43373
OM25062900003357,2025-06-30,Z088279,教职工食堂,重庆市重庆市沙坪坝区勤务学院教职工食堂,29.635466,106.324651,46456
OM25062900003366,2025-06-30,Z084527,重庆国际物流枢纽园区-晚餐,重庆市重庆市沙坪坝区沙坪坝区黄金湾·智谷(享通路西) 沙坪坝区享通路沙坪坝区黄金湾·智谷(享通路西) 沙坪坝区享通路,29.641279,106.39973,43836
OM25062900003372,2025-06-30,Z084526,重庆国际物流枢纽园区-早餐,重庆市重庆市沙坪坝区沙坪坝区黄金湾·智谷(享通路西) 沙坪坝区享通路沙坪坝区黄金湾·智谷(享通路西) 沙坪坝区享通路,29.641279,106.39973,43836
OM25062900003397,2025-06-30,Z084528,重庆国际物流枢纽园区-员工餐,重庆市重庆市沙坪坝区沙坪坝区黄金湾·智谷(享通路西) 沙坪坝区享通路沙坪坝区黄金湾·智谷(享通路西) 沙坪坝区享通路,29.641279,106.39973,43836
OM25062900003398,2025-06-30,Z048566,重庆市九龙坡区人民政府石坪桥街道办事处,重庆市重庆市九龙坡区九龙坡区人民政府,29.508059,106.517023,16132
OM25062900003430,2025-06-30,Z048825,中铁一局-客机所,重庆市重庆市南岸区山水缘山水缘农家乐,29.5046,106.713794,30375
OM25062900003464,2025-06-30,Z085095,中信银行-上清寺支行（日配）,重庆市重庆市渝中区中山三路159号11栋1-2,29.564521,106.554348,15674
OM25062900003470,2025-06-30,Z085598,重庆市爆破工程建设有限责任公司,重庆市重庆市江北区江北区华新村350号6层,29.575092,106.538333,44428
OM25062900003474,2025-06-30,Z093834,重庆瑜煌电力设备制造有限公司-蔬菜,重庆市-北碚区-凤西路6号瑜煌电力设备制造有限公司,29.771363,106.481465,58094
OM25062900003506,2025-06-30,Z034560,中信银行-北城天街支行（日配）,重庆市重庆市江北区邦兴花园重庆市重庆市江北区江北区邦兴花园9栋二单元25-1,29.589998,106.547865,44167
OM25062900003508,2025-06-30,Z085091,中信银行-江北支行（日配）,重庆市重庆市渝北区重庆市渝北区黄泥磅皇冠自由重庆市渝北区黄泥磅皇冠自由城3栋9一4,29.595574,106.543916,44173
OM25062900003513,2025-06-30,Z093788,重庆市地震局（ZX）,重庆市重庆市渝北区重庆市渝北区黄泥磅皇冠自由城3栋9-4,29.595358,106.544414,50277
OM25062900003519,2025-06-30,Z071728,重庆创绿环境保护有限公司,重庆市-璧山区-璧城街道马家桥村6组288号创绿环境保护有限公司,29.666322,106.2831,54899
OM25062900003525,2025-06-30,Z102498,江津食堂-学员,江津区支坪镇椒湾村军医大学江津校区食堂,29.270314,106.387972,56356
OM25062900003544,2025-06-30,Z102487,陆军军医大学一食堂,陆军军医大学一食堂,29.540749,106.458697,58953
OM25062900003553,2025-06-30,Z102489,陆军军医大学二食堂,重庆市重庆市沙坪坝区沙坪坝区陆军军医大学二食堂陆军军医大学二食堂,29.526202,106.444809,49873
OM25062900003557,2025-06-30,Z101069,长生基地,重庆市-南岸区-东西大道北200米重庆轨道长生基地,29.536102,106.651284,55714
OM25062900003571,2025-06-30,Z088280,外训教工,重庆市重庆市沙坪坝区勤务学院外训食堂,29.635466,106.324651,48130
OM25062900003572,2025-06-30,Z102497,家属区食堂,重庆市重庆市沙坪坝区瑜园家属园食堂,29.546363,106.454885,46900
OM25062900003573,2025-06-30,Z088892,重庆建工第三建设有限责任公司,重庆市重庆市渝中区重庆市渝中区菜袁路245号建工三建,29.537887,106.523517,46878
OM25062900003575,2025-06-30,Z074563,蓝月亮（重庆）有限公司,蓝月亮,29.410934,106.633193,55812
OM25062900003577,2025-06-30,Z004454,两江小博士锦上华庭幼儿园-学生,重庆市重庆市渝北区红叶路8号17栋小博士锦上华庭幼儿园,29.611868,106.53439,6347
OM25062900003602,2025-06-30,Z090589,外训学员,重庆市重庆市沙坪坝区勤务学院外训食堂,29.635466,106.324651,48130
OM25062900003611,2025-06-30,Z102493,江津食堂-基地,江津区支坪镇椒湾村军医大学江津校区食堂,29.270314,106.387972,56356
OM25062900003613,2025-06-30,109977,重庆农村商业银行股份有限公司巴南支行,重庆市重庆市巴南区龙洲大道145号重庆农村商业银行24小时自助银行(巴南支行营业部)重庆市巴南区龙洲大道145号,29.415566,106.544137,23705
OM25062900003621,2025-06-30,Z102492,江津食堂-基地化训练,江津区支坪镇椒湾村军医大学江津校区食堂,29.270314,106.387972,56356
OM25062900003628,2025-06-30,Z072010,重庆复旦中学附属幼儿园贰园-教师水果类,重庆市重庆市渝中区渝中区中兴路228号附13号渝中区中兴路228号附13号,29.557443,106.576256,34557
OM25062900003636,2025-06-30,Z072011,重庆复旦中学附属幼儿园贰园-教师其他类,重庆市重庆市渝中区渝中区中兴路228号附13号渝中区中兴路228号附13号,29.557443,106.576256,34557
OM25062900003650,2025-06-30,Z110136,陆军勤务学院训练基地勤务连,重庆市-九龙坡区-渝州路街道渝州路79号重庆市九龙坡区渝州路街道渝州路79号,29.541437,106.504022,58275
OM25062900003668,2025-06-30,Z082632,国家税务总局重庆市璧山区税务局大路所,重庆市重庆市璧山区璧山区人民法院-东门,29.586376,106.238898,1206
OM25062900003673,2025-06-30,Z013216,渝南大道30号一食堂,重庆市重庆市巴南区重庆市巴南区渝南大道26号重庆丽都房地产开发有限公司，往前走20米左右,29.481127,106.56976,49843
OM25062900003678,2025-06-30,Z041468,重庆市生态环境监测中心,重庆市重庆市渝北区重庆市生态环境监测中心,29.597912,106.498872,16702
OM25062900003685,2025-06-30,Z100275,观音桥十八中一楼-二组,重庆市重庆市江北区十八中学观音桥观音桥校区食堂,29.581026,106.548222,54076
OM25062900003692,2025-06-30,Z085722,沙照明设施管理-沙坪坝,重庆市重庆市沙坪坝区九鼎红街九鼎名都重庆市沙坪坝区九鼎红街九鼎名都,29.578868,106.45166,44563
OM25062900003696,2025-06-30,Z060348,国家税务总局重庆市璧山区税务局,重庆市重庆市璧山区璧山区人民法院-东门,29.586376,106.238898,1206
OM25062900003711,2025-06-30,Z085723,沙照明设施管理-大学城,"重庆市重庆市沙坪坝区重庆市沙坪坝区 学府大道
陈家桥街道李家湾",29.607477,106.341215,44524
OM25062900003725,2025-06-30,Z064739,中建五局—曾家路网项目,重庆市重庆市九龙坡区重庆九龙坡区金栗路一号附65号重庆市九龙坡区蝴蝶里湾湾川便利店往里走100米扶梯上二楼左转,29.548801,106.320257,29442
OM25062900003736,2025-06-30,Z015308,重庆市沙坪坝区图书馆,重庆市重庆市沙坪坝区渝碚路222-1号宏洲大厦1层沙坪坝图书馆图书馆7楼食堂,29.569651,106.46117,25725
OM25062900003748,2025-06-30,Z015323,保税港港欣1号餐厅,重庆市重庆市江北区江北区远航大道88号水港综合大楼重庆市江北区远航大道88号水港综合大楼B栋308重庆保税港区港欣资产经营管理有限公司,29.632117,106.60369,23619
OM25062900003753,2025-06-30,Z102980,重庆曾家岩大桥建设管理有限公司_素菜,曾家岩大桥建设,29.571809,106.555505,56760
OM25062900003757,2025-06-30,Z102982,重庆曾家岩大桥建设管理有限公司_干副,曾家岩大桥建设,29.571809,106.555505,56760
OM25062900003761,2025-06-30,Z070283,重庆市大足区气象局,重庆市重庆市大足区大足区气象局大足区南环西路100号,29.700127,105.716098,30808
OM25062900003771,2025-06-30,Z064657,重庆凯源石油天然气有限责任公司北部分公司,重庆市重庆市渝北区渝北区松牌路132号渝北区松牌路132号,29.599892,106.523304,26899
OM25062900003772,2025-06-30,Z084019,通远航务东区干副,空管,29.698841,106.658675,55976
OM25062900003780,2025-06-30,Z062280,沙磁幼儿园-老师,重庆市重庆市沙坪坝区国富沙磁巷B区 重庆市沙坪坝区磁器口街道沙滨路101号国富沙磁巷B区 重庆市沙坪坝区磁器口街道沙滨路101号,29.58494,106.462866,23063
OM25062900003788,2025-06-30,Z077807,中建五局—童家院子上盖项目部,重庆市重庆市渝北区渝北区金渝轻轨站金渝轻轨站1号出口往下走100米中建五局三公司,29.641633,106.577054,35770
OM25062900003798,2025-06-30,Z063682,重庆万普隆能源技术有限公司,重庆市重庆市沙坪坝区万普隆,29.573053,106.291009,26215
OM25062900003859,2025-06-30,Z041984,上海浦东发展银行股份有限公司重庆分行,重庆市重庆市渝北区重庆市渝北区星光大道78号,29.622034,106.517299,31565
OM25062900003863,2025-06-30,Z046338,重庆万泰建设（集团）有限公司,重庆市重庆市渝北区北大资源博雅-1号楼,29.654665,106.538349,6415
OM25062900003877,2025-06-30,Z076606,重庆市公路数据服务中心（双桥基地）,重庆市重庆市大足区重庆公路数据中心,29.527033,105.807366,34990
OM25062900003913,2025-06-30,106300,重庆市地质矿产勘查开发局607地质队,重庆市重庆市巴南区重庆市地勘局607地质队-东门,29.47107,106.568891,22208
OM25062900003926,2025-06-30,Z075748,人民支路64号重庆市公路数据服务中心,重庆市重庆市渝中区人民支路公路数据人民支路64号,29.571241,106.560221,34527
OM25062900003940,2025-06-30,Z047895,园林技工学校-教师,重庆市重庆市渝中区菜袁路203号重庆市园林技工学校,29.539833,106.529903,15623
OM25062900003960,2025-06-30,Z094984,中国船级社重庆分社,重庆市重庆市渝北区渝北区青枫北路1号,29.624766,106.508776,35260
OM25062900003961,2025-06-30,Z094984,中国船级社重庆分社,重庆市重庆市渝北区渝北区青枫北路1号,29.624766,106.508776,35260
OM25062900003965,2025-06-30,Z083611,重庆数智产业园建设实业有限公司,重庆市重庆市巴南区巴南区界石镇富城路88号,29.393231,106.610019,43279
OM25062900003983,2025-06-30,Z043982,重庆远香房地产开发有限公司,重庆市重庆市渝北区金通大道远洋九公子-南门,29.663581,106.491342,16977
OM25062900003989,2025-06-30,Z087346,重庆市大渡口区人民政府茄子溪街道办事处,重庆市重庆市大渡口区大渡口区茄子溪,29.43697,106.503245,45395
OM25062900004012,2025-06-30,Z098969,铁山坪一楼食堂-面食类,重庆市重庆市江北区十八中学铁山坪一楼食堂,29.624552,106.682204,54086
OM25062900004021,2025-06-30,Z088273,勤务学院六食堂,重庆市重庆市沙坪坝区勤务学院六食堂,29.635466,106.324651,46454
OM25062900004022,2025-06-30,Z110079,地质勘察——午餐,重庆市-北碚区-同德路12号,29.76077,106.47412,57408
OM25062900004026,2025-06-30,Z088270,勤务学院五食堂,重庆市重庆市沙坪坝区陆军勤务学院加工中心,29.635466,106.324651,46473
OM25062900004032,2025-06-30,Z078271,中建八局第二建设有限公司,江北区南桥寺康和园江北区南桥寺康和园南桥寺康和园2号18-4,29.59991,106.488117,55440
OM25062900004069,2025-06-30,Z007482,考试中心（西南基地水果）,东环路5号10栋,29.633609,106.670156,55106
OM25062900004073,2025-06-30,Z007484,考试中心（西南基地干副）,东环路5号10栋,29.633609,106.670156,55106
OM25062900004078,2025-06-30,Z007480,考试中心（西南基地菜）,东环路5号10栋,29.633609,106.670156,55106
OM25062900004081,2025-06-30,Z007482,考试中心（西南基地水果）,东环路5号10栋,29.633609,106.670156,55106
OM25062900004083,2025-06-30,Z100160,重庆一中二食堂-小卖部,重庆市沙坪坝区汉渝路15号,29.565592,106.473318,55020
OM25062900004122,2025-06-30,Z096167,重庆市巴渝学校,重庆市重庆市大渡口区巴渝学校大渡口区双山路256号,29.49352,106.473143,51551
OM25062900004232,2025-06-30,Z093086,重庆两江新区金山名都天宝乐幼儿园1-教师,重庆市重庆市渝北区重庆市渝北区金山街道龙荣路60号天宝乐幼儿园,29.656111,106.57072,54330
OM25062900004256,2025-06-30,Z035562,烤匠光环购物中心,鸳鸯街道湖彩路118号L5层A-L5-28,29.656515,106.53562,58323
OM25062900004257,2025-06-30,Z087543,烤匠来福士-员工餐,重庆市重庆市渝中区重庆市渝中区朝东路18号来福士,29.570101,106.594307,48033
OM25062900004258,2025-06-30,Z078517,烤匠巴南万达广场店-员工餐,重庆市重庆市巴南区巴南万达广场重庆市巴南区万达广场3楼3011，车库A区8号9号电梯上去。,29.405264,106.551076,39218
OM25062900004271,2025-06-30,SC196290000004,烤匠时代广场,重庆市重庆市渝中区邹容路100号重庆时代广场L6层烤匠(重庆解放碑店),29.564171,106.583643,5560
OM25062900004274,2025-06-30,SC197250000003,烤匠时代天街-员工餐,重庆市重庆市渝中区时代天街A馆5楼烤匠,29.543923,106.517705,46987
OM25062900004275,2025-06-30,SC196290000005,烤匠时代天街,重庆市重庆市渝中区时代天街A馆5楼烤匠,29.543923,106.517705,46987
OM25062900004277,2025-06-30,Z011393,烤匠金沙天街,重庆市重庆市沙坪坝区沙坪坝区金沙天街A馆5一17号,29.560707,106.465319,26711
OM25062900004279,2025-06-30,Z048908,烤匠龙湖北城天街,重庆市重庆市江北区北城天街烤匠4楼,29.583886,106.539845,46512
OM25062900004281,2025-06-30,Z086211,烤匠龙湖源著,重庆市重庆市江北区龙湖源著烤匠龙湖源著天街A馆4楼15号商铺,29.60528,106.49598,45004
OM25062900004302,2025-06-30,Z094573,特勤局训练基地,重庆市重庆市渝北区渝北区渝开发·星河one东南训练基地部渝北区渝开发·星河one东南(松鹤路北),29.688896,106.629724,50860
OM25062900004312,2025-06-30,111956,两江小博士锦上华庭幼儿园-老师,重庆市重庆市渝北区红叶路8号17栋小博士锦上华庭幼儿园,29.611868,106.53439,6347
OM25062900004323,2025-06-30,Z053124,重庆市凤鸣山中学-3楼,重庆市沙坪坝区凤天大道150号重庆市沙坪坝区凤天大道150号,29.535218,106.455654,54878
OM25062900004327,2025-06-30,Z078533,重庆建工集团股份有限公司-鸡冠石项目部,重庆市重庆市南岸区白沙沱正街鸡冠镇石山龙,29.614479,106.62307,48923
OM25062900004328,2025-06-30,Z077064,重庆市环境卫生事务中心,重庆市重庆市渝北区环境卫生事务中心渝北区-红石支路29号(花卉园地铁站2C口步行490米）,29.585954,106.51557,35267
OM25062900004329,2025-06-30,Z014724,中国人民解放军78007部队,重庆市重庆市巴南区渝南大道22-2号,29.481373,106.569953,19407
OM25062900004346,2025-06-30,Z068222,中建五局—大健康项目,重庆市重庆市九龙坡区重庆市九龙坡区高盛大道,29.453554,106.36498,35881
OM25062900004355,2025-06-30,Z029652,重庆璧山天然气有限责任公司,重庆市重庆市璧山区重庆璧山天然气有限责任公司,29.587019,106.228746,17240
OM25062900004359,2025-06-30,Z093680,慎安医院大厨房,重庆市重庆市渝北区莱佛士医院车库厨房,29.642794,106.478899,24771
OM25062900004367,2025-06-30,Z053124,重庆市凤鸣山中学-3楼,重庆市沙坪坝区凤天大道150号重庆市沙坪坝区凤天大道150号,29.535218,106.455654,54878
OM25062900004376,2025-06-30,Z087684,重庆市化工研究院有限公司,重庆市重庆市江北区重庆市化工研究院,29.584444,106.481643,46120
OM25062900004377,2025-06-30,Z071446,重庆博通水利信息网络有限公司,重庆市重庆市渝北区渝北区上丁企业园15栋6楼,29.614488,106.509583,32202
OM25062900004384,2025-06-30,Z010638,重庆国宾妇产医院有限公司-2楼食堂,重庆市重庆市渝中区国宾妇产医院2楼食堂,29.564366,106.551376,27008
OM25062900004410,2025-06-30,Z077064,重庆市环境卫生事务中心,重庆市重庆市渝北区环境卫生事务中心渝北区-红石支路29号(花卉园地铁站2C口步行490米）,29.585954,106.51557,35267
OM25062900004417,2025-06-30,Z053123,重庆市凤鸣山中学-1楼,重庆市沙坪坝区凤天大道150号重庆市沙坪坝区凤天大道150号,29.535218,106.455654,54878
OM25062900004430,2025-06-30,Z064428,中建五局—中央公园项目部,重庆市重庆市渝北区重庆市渝北区鹿郑循环路,29.743122,106.590964,35882
OM25062900004431,2025-06-30,Z064428,中建五局—中央公园项目部,重庆市重庆市渝北区重庆市渝北区鹿郑循环路,29.743122,106.590964,35882
OM25062900004460,2025-06-30,Z094573,特勤局训练基地,重庆市重庆市渝北区渝北区渝开发·星河one东南训练基地部渝北区渝开发·星河one东南(松鹤路北),29.688896,106.629724,50860
OM25062900004471,2025-06-30,Z088472,重庆丰盛时代餐饮管理有限公司,重庆市重庆市九龙坡区博世氢能源电池研发检测,29.360143,106.368733,46713
OM25062900004472,2025-06-30,Z110223,烹饪教研室,重庆市-九龙坡区-渝州路街道渝州路79号罗汉沟炊事技能实训中心,29.541437,106.504022,58367
OM25062900004485,2025-06-30,Z015272,重庆市渝北区人民政府双龙湖街道办事处,双龙湖街道六楼食堂,29.717755,106.633012,57691
OM25062900004495,2025-06-30,Z035870,重庆市公安局巴南区分局业务技术用房食堂,重庆市重庆市巴南区巴南区公安局业务技术用房及龙洲湾派出所项目,29.37809,106.540238,6491
OM25062900004496,2025-06-30,Z035870,重庆市公安局巴南区分局业务技术用房食堂,重庆市重庆市巴南区巴南区公安局业务技术用房及龙洲湾派出所项目,29.37809,106.540238,6491
OM25062900004498,2025-06-30,Z084472,重庆市九龙坡区图书馆,九龙坡区图书馆,29.511585,106.51228,58861
OM25062900004499,2025-06-30,Z100441,两江新区第一人民医院,重庆市-渝北区-人和街道人兴路199号4号门，进车库,29.628559,106.538168,55155
OM25062900004502,2025-06-30,Z018307,重庆凯源石油天然气有限责任公司巴南分公司,巨星花园-停车场,29.467279,106.527229,57248
OM25062900004509,2025-06-30,Z057464,中铁二十五局集团有限公司（食堂）-轨道24号线,重庆市重庆市巴南区巴渝船夫老火锅,29.471664,106.628424,44450
OM25062900004514,2025-06-30,Z092459,中国人民解放军32618部队,重庆市重庆市渝中区重庆市渝中区春森路,29.56437,106.556975,49019
OM25062900004518,2025-06-30,Z007469,考试中心（应急管理局菜）,重庆市重庆市渝北区重庆市应急管理局应急局,29.62111,106.506619,35355
OM25062900004519,2025-06-30,Z071951,重庆市渝中区机关事务服务中心,重庆市重庆市渝中区渝中区和平路管家巷9号 渝中区和平路管家巷9号,29.558923,106.575354,32912
OM25062900004521,2025-06-30,Z088294,重庆第二师范学院-2楼,重庆市重庆市南岸区重庆第二师范学院培训中心 重庆市南岸区学府大道11号,29.517908,106.581872,43424
OM25062900004530,2025-06-30,Z099713,十四中队,江北区慈母山隧道1号,29.577863,106.62169,54646
OM25062900004539,2025-06-30,Z068672,重庆南岸腾龙幼儿园,重庆市南岸区弹子石新街57号,29.585712,106.603476,56170
OM25062900004551,2025-06-30,Z007470,考试中心（应急管理局肉）,重庆市重庆市渝北区重庆市应急管理局应急局,29.62111,106.506619,35355
OM25062900004554,2025-06-30,Z007472,考试中心（应急管理局冻货）,重庆市重庆市渝北区重庆市应急管理局应急局,29.62111,106.506619,35355
OM25062900004563,2025-06-30,Z071225,渝北区消防救援支队-悦来站点,重庆市重庆市渝北区重庆市渝北区悦清大道悦来小学旁,29.736186,106.552512,33160
OM25062900004580,2025-06-30,Z099707,三中队,重庆市-九龙坡区-白马凼支路白马凼1号白马凼1号,29.538618,106.483303,59047
OM25062900004584,2025-06-30,Z076486,中建五局—重庆凤栖湖项目,重庆市重庆市九龙坡区重庆市九龙坡区新州大道,29.53605,106.325398,35883
OM25062900004585,2025-06-30,Z076486,中建五局—重庆凤栖湖项目,重庆市重庆市九龙坡区重庆市九龙坡区新州大道,29.53605,106.325398,35883
OM25062900004601,2025-06-30,Z088267,勤务学院一食堂,重庆市重庆市沙坪坝区勤务学院学校加工中心,29.635466,106.324651,46448
OM25062900004604,2025-06-30,Z088269,八食堂,重庆市重庆市沙坪坝区勤务学院学校加工中心,29.635466,106.324651,46448
OM25062900004635,2025-06-30,Z099881,重庆市凤鸣山中学常温奶面包,重庆市-沙坪坝区-凤天大道150号重庆市凤鸣山中学,29.534966,106.455153,54699
OM25062900004666,2025-06-30,Z038638,中国人民解放军77728部队,重庆市重庆市巴南区李家沱工联二村139号,29.466024,106.562973,6470
OM25062900004677,2025-06-30,Z014018,中国人民解放军32605 部队-警卫勤务连机关食堂,大坪长江二路39号,29.544284,106.532194,57062
OM25062900004704,2025-06-30,Z033856,重庆市房地产交易事务中心,重庆市重庆市江北区北滨一路366号鼎新国际中心2号楼,29.5637,106.539747,5665
OM25062900004712,2025-06-30,Z014024,中国人民解放军32605部队-保障四队1号食堂 六公里站点,重庆市重庆市南岸区六公里-公交车站,29.503391,106.580548,6088
OM25062900004726,2025-06-30,Z007847,厦门银行重庆分行-办公室,重庆市重庆市江北区重庆市江北区金沙门路,29.577264,106.575313,33593
OM25062900004742,2025-06-30,Z012812,浙商银行-商务接待,浙商银行信达国际C栋3楼（从负一楼车库进去）,29.619746,106.496322,56129
OM25062900004768,2025-06-30,Z035563,烤匠光环购物中心-员工餐,鸳鸯街道湖彩路118号L5层A-L5-28,29.656515,106.53562,58323
OM25062900004769,2025-06-30,Z035562,烤匠光环购物中心,鸳鸯街道湖彩路118号L5层A-L5-28,29.656515,106.53562,58323
OM25062900004813,2025-06-30,Z086584,中国烟草总公司重巴南分公司（界石）,重庆市重庆市巴南区巴南区畅想路16号附近烟草公司,29.393828,106.611893,45282
OM25062900004820,2025-06-30,Z071219,渝北区消防救援支队-支队机关,重庆市重庆市渝北区渝北消防南侧正大门别去北侧，中粮祥云C区正对面,29.733029,106.57485,32358
OM25062900004832,2025-06-30,Z087474,中交第四航务工程局有限公司CQ,重庆市-沙坪坝区-回龙坝镇垄安大道542号彩食鲜大厦1楼中交第四航务工程局,29.676267,106.385061,54870
OM25062900004879,2025-06-30,Z099710,十五中队,重庆市重庆市江北区盛安路1盛安路6号,29.648298,106.804464,55807
OM25062900004894,2025-06-30,Z099801,十一中队,重庆市-渝北区-翠屏路与翠屏一支巷交叉口西340米,29.685932,106.631277,54623
OM25062900004927,2025-06-30,SC197250000003,烤匠时代天街-员工餐,重庆市重庆市渝中区时代天街A馆5楼烤匠,29.543923,106.517705,46987
OM25062900004928,2025-06-30,Z086211,烤匠龙湖源著,重庆市重庆市江北区龙湖源著烤匠龙湖源著天街A馆4楼15号商铺,29.60528,106.49598,45004
OM25062900004929,2025-06-30,SC196300000002,烤匠万象城,重庆市重庆市九龙坡区谢家湾正街55号万象城L2层烤匠(万象城),29.522457,106.524528,16222
OM25062900004930,2025-06-30,Z087345,烤匠龙湖U城-员工餐,重庆市重庆市沙坪坝区龙湖U城龙湖U城B馆南8馆4楼01、02号商铺,29.614446,106.299863,45813
OM25062900004932,2025-06-30,Z074427,烤匠IFS国金中心店,重庆市重庆市江北区重庆市江北区精学街江北区国金中心,29.583249,106.579994,53160
OM25062900004933,2025-06-30,Z087344,烤匠龙湖U城,重庆市重庆市沙坪坝区龙湖U城龙湖U城B馆南8馆4楼01、02号商铺,29.614446,106.299863,45813
OM25062900004934,2025-06-30,Z035562,烤匠光环购物中心,鸳鸯街道湖彩路118号L5层A-L5-28,29.656515,106.53562,58323
OM25062900004935,2025-06-30,Z074969,烤匠南坪协信星光店,重庆市重庆市南岸区南坪协信星光,29.529062,106.57777,34082
OM25062900004937,2025-06-30,Z048908,烤匠龙湖北城天街,重庆市重庆市江北区北城天街烤匠4楼,29.583886,106.539845,46512
OM25062900004949,2025-06-30,Z039087,重庆大江建设工程集团有限公司-客餐,重庆市重庆市渝北区重庆市渝北区金安路,29.63154,106.560191,56091
OM25062900004953,2025-06-30,Z014026,中国人民解放军32605部队-保障四队3号食堂 六公里站点,重庆市重庆市南岸区南岸区六公里学府大道69号学府大道69号,29.494683,106.583895,49564
OM25062900004961,2025-06-30,Z063682,重庆万普隆能源技术有限公司,重庆市重庆市沙坪坝区万普隆,29.573053,106.291009,26215
OM25062900005003,2025-06-30,Z084421,九龙坡区交通运输委员会,重庆市重庆市九龙坡区建设大厦建设大厦旁边交通局食堂3楼,29.51463,106.532276,34332
OM25062900005005,2025-06-30,Z046275,重庆两江新区鱼复工业园建设投资有限公司（日配）,重庆市重庆市江北区重庆两江新区鱼复工业园建设投资有限公司,29.632985,106.761989,5674
OM25062900005006,2025-06-30,Z085093,中信银行-解放碑支行（日配）,重庆市重庆市渝中区渝中区八一路260号恒通云鼎1单元10-3恒通云鼎1单元10-3,29.560835,106.582366,44169
OM25062900005012,2025-06-30,Z085081,中信银行-金渝支行（日配）,重庆市重庆市渝北区金渝支行时代中心1号中信银行金渝支行时代中心1号门3栋6-3,29.658287,106.532388,44160
OM25062900005015,2025-06-30,Z085098,中信银行-高新支行（日配）,重庆市重庆市九龙坡区九龙坡区科园一街25号新锐地带C栋5-3科园一街25号新锐地带C栋5-3,29.53759,106.493782,44164
OM25062900005036,2025-06-30,Z094984,中国船级社重庆分社,重庆市重庆市渝北区渝北区青枫北路1号,29.624766,106.508776,35260
OM25062900005065,2025-06-30,Z100128,重庆青凤科技发展有限公司,重庆市-沙坪坝区-凤集路与海博大道交口西北侧重庆市沙坪坝区凤集路与海博大道交叉口西北方向181米,29.715338,106.33835,54897
OM25062900005066,2025-06-30,Z077152,公路数据双桥基地干副,重庆市重庆市大足区公路数据中心双桥基地还没到就打哥电话,29.527033,105.807366,52571
OM25062900005071,2025-06-30,Z062050,重庆市渝北区人民政府人和街道办事处,重庆市重庆市渝北区人和街道办事处,29.633111,106.543666,22911
OM25062900005079,2025-06-30,Z085058,中信银行-经开支行（日配）,重庆市重庆市南岸区重庆市重庆市南岸区南岸区上海城26栋13-2重庆市重庆市南岸区南岸区上海城26栋13-2,29.536444,106.568756,44146
OM25062900005092,2025-06-30,Z088271,勤务学院二食堂,重庆市重庆市沙坪坝区勤务学院,29.635466,106.324651,46450
OM25062900005096,2025-06-30,Z088272,勤务学院三食堂,重庆市重庆市沙坪坝区勤务学院三食堂,29.635466,106.324651,46452
OM25062900005110,2025-06-30,106900,中国石油集团川庆钻探工程有限公司重庆运输总公司,重庆市重庆市渝北区红石支路299号中国石油川庆钻探工程有限公司重庆运输总公司,29.582631,106.514249,6385
OM25062900005135,2025-06-30,Z099708,四中队,渝北区红锦大道60号,29.600396,106.530686,55806
OM25062900005140,2025-06-30,Z007483,考试中心（西南基地冻货）,东环路5号10栋,29.633609,106.670156,55106
OM25062900005144,2025-06-30,Z017640,中铁建生态环境有限公司-员工餐,中铁建生态环境有限公司,29.80278,106.402117,55036
OM25062900005147,2025-06-30,Z007481,考试中心（西南基地肉）,东环路5号10栋,29.633609,106.670156,55106
OM25062900005166,2025-06-30,Z015238,沙坪坝区气象局,重庆市重庆市沙坪坝区饮水村104号重庆市沙坪坝区气象局,29.579333,106.470382,20232
OM25062900005175,2025-06-30,Z099705,教导队,重庆市南岸区罗家坝向家坡36号向家坡36号,29.533428,106.591886,54642
OM25062900005176,2025-06-30,Z010605,重庆市血液中心,华福大道北段21号重庆市血液中心血液中心,29.448701,106.449057,58982
OM25062900005188,2025-06-30,Z096167,重庆市巴渝学校,重庆市重庆市大渡口区巴渝学校大渡口区双山路256号,29.49352,106.473143,51551
OM25062900005196,2025-06-30,Z063572,重庆市应能应急救援有限公司（直属支队）,专业救援,29.816575,106.542752,55717
OM25062900005205,2025-06-30,Z028687,丽苑大酒店-西餐厅,重庆市重庆市沙坪坝区丽苑大酒店重庆市沙坪坝区丽苑维景大酒店负一楼,29.561936,106.466603,23519
OM25062900005245,2025-06-30,Z068930,重庆颐悦酒店管理有限公司,重庆市重庆市渝北区重庆市渝北区庐山大道,29.619044,106.554536,54319
OM25062900005250,2025-06-30,Z096167,重庆市巴渝学校,重庆市重庆市大渡口区巴渝学校大渡口区双山路256号,29.49352,106.473143,51551
OM25062900005281,2025-06-30,Z093085,重庆两江新区金山名都天宝乐幼儿园1-学生,重庆市重庆市渝北区重庆市渝北区金山街道龙荣路60号天宝乐幼儿园,29.656111,106.57072,54330
OM25062900005310,2025-06-30,Z048909,烤匠龙湖北城天街-员工餐,重庆市重庆市江北区北城天街烤匠4楼,29.583886,106.539845,46512
OM25062900005311,2025-06-30,SC197250000002,烤匠万象城-员工餐,重庆市重庆市九龙坡区谢家湾正街55号万象城L2层烤匠(万象城),29.522457,106.524528,16222
OM25062900005312,2025-06-30,Z074427,烤匠IFS国金中心店,重庆市重庆市江北区重庆市江北区精学街江北区国金中心,29.583249,106.579994,53160
OM25062900005326,2025-06-30,SC197250000001,烤匠大融城-员工餐,重庆市重庆市江北区观音桥东环路59号附近烤匠麻辣烤鱼(重庆大融城店),29.582589,106.540047,5680
OM25062900005327,2025-06-30,SC196300000003,烤匠大融城,重庆市重庆市江北区观音桥东环路59号附近烤匠麻辣烤鱼(重庆大融城店),29.582589,106.540047,5680
OM25062900005328,2025-06-30,SC197250000004,烤匠时代广场-员工餐,重庆市重庆市渝中区邹容路100号重庆时代广场L6层烤匠(重庆解放碑店),29.564171,106.583643,5560
OM25062900005329,2025-06-30,Z074428,烤匠IFS国金中心店-员工餐,重庆市重庆市江北区重庆市江北区精学街江北区国金中心,29.583249,106.579994,53160
OM25062900005331,2025-06-30,SC196300000002,烤匠万象城,重庆市重庆市九龙坡区谢家湾正街55号万象城L2层烤匠(万象城),29.522457,106.524528,16222
OM25062900005332,2025-06-30,Z074970,烤匠南坪协信星光店-员工餐,重庆市重庆市南岸区南坪协信星光,29.529062,106.57777,34082
OM25062900005334,2025-06-30,Z074969,烤匠南坪协信星光店,重庆市重庆市南岸区南坪协信星光,29.529062,106.57777,34082
OM25062900005336,2025-06-30,Z037798,烤匠大悦城-员工餐,重庆市重庆市渝北区仙桃街道大悦城L426号（5楼）,29.727912,106.57822,6336
OM25062900005337,2025-06-30,Z093083,重庆两江新区金山名都天宝乐幼儿园2-学生,重庆市重庆市九龙坡区袁家岗162号2-18号（众科大厦13楼19号）,29.529399,106.517129,20505
OM25062900005338,2025-06-30,Z037797,烤匠大悦城,重庆市重庆市渝北区仙桃街道大悦城L426号（5楼）,29.727912,106.57822,6336
OM25062900005339,2025-06-30,Z078516,烤匠巴南万达广场店,重庆市重庆市巴南区巴南万达广场重庆市巴南区万达广场3楼3011，车库A区8号9号电梯上去。,29.405264,106.551076,39218
OM25062900005341,2025-06-30,Z093084,重庆两江新区金山名都天宝乐幼儿园2-教师,重庆市重庆市九龙坡区袁家岗162号2-18号（众科大厦13楼19号）,29.529399,106.517129,20505
OM25062900005343,2025-06-30,Z087542,烤匠来福士,重庆市重庆市渝中区重庆市渝中区朝东路18号来福士,29.570101,106.594307,48033
OM25062900005346,2025-06-30,Z086212,烤匠龙湖源著-员工餐,重庆市重庆市江北区龙湖源著烤匠龙湖源著天街A馆4楼15号商铺,29.60528,106.49598,45004
OM25062900005378,2025-06-30,Z050852,重庆当代整形外科医院有限公司,重庆市重庆市江北区重庆市江北区建新西路184附2号,29.57101,106.526006,48200
OM25062900005384,2025-06-30,Z051152,重庆当代整形外科医院有限公司-客餐,重庆市重庆市江北区重庆市江北区建新西路184附2号,29.57101,106.526006,48200
OM25062900005397,2025-06-30,Z053123,重庆市凤鸣山中学-1楼,重庆市沙坪坝区凤天大道150号重庆市沙坪坝区凤天大道150号,29.535218,106.455654,54878
OM25062900005399,2025-06-30,Z085328,重庆市巴南区人民政府南彭街道办事处,重庆市重庆市巴南区巴南区南彭街道办南彭街道办斜对面（停车场往里走）,29.349681,106.661351,44451
OM25062900005405,2025-06-30,Z066477,重庆市沙坪坝区医疗保障局,重庆市重庆市沙坪坝区重庆市沙坪坝区医疗保障局,29.546518,106.453372,28505
OM25062900005443,2025-06-30,Z053124,重庆市凤鸣山中学-3楼,重庆市沙坪坝区凤天大道150号重庆市沙坪坝区凤天大道150号,29.535218,106.455654,54878
OM25062900005452,2025-06-30,Z050185,慎安（重庆）医院-月子厨房,重庆市重庆市渝北区莱佛士医院车库厨房,29.642794,106.478899,24771
OM25062900005454,2025-06-30,Z015323,保税港港欣1号餐厅,重庆市重庆市江北区江北区远航大道88号水港综合大楼重庆市江北区远航大道88号水港综合大楼B栋308重庆保税港区港欣资产经营管理有限公司,29.632117,106.60369,23619
OM25062900005477,2025-06-30,Z077253,重庆农村商业银行股份有限公司大足支行,重庆市重庆市大足区大足区五星大道390号附2号重庆大足区五星大道390号附2号7楼,29.69033,105.737082,35413
OM25062900005510,2025-06-30,Z064428,中建五局—中央公园项目部,重庆市重庆市渝北区重庆市渝北区鹿郑循环路,29.743122,106.590964,35882
OM25062900005511,2025-06-30,Z064428,中建五局—中央公园项目部,重庆市重庆市渝北区重庆市渝北区鹿郑循环路,29.743122,106.590964,35882
OM25062900005567,2025-06-30,Z035870,重庆市公安局巴南区分局业务技术用房食堂,重庆市重庆市巴南区巴南区公安局业务技术用房及龙洲湾派出所项目,29.37809,106.540238,6491
OM25062900005571,2025-06-30,Z014771,重庆市安全生产考试中心-西南基地,重庆市重庆市江北区国家安监实训基地,29.633076,106.669364,28352
OM25062900005573,2025-06-30,Z047140,重庆中国三峡博物馆-大礼堂,重庆市重庆市渝中区重庆中国三峡博物馆渝中区人民路236号,29.568347,106.556882,23844
OM25062900005578,2025-06-30,Z099715,十中队,重庆市-北碚区-歇马街道断头路左传一直下,29.79395,106.416438,54624
OM25062900005582,2025-06-30,Z099802,江北中队,重庆市重庆市江北区盛华路12号,29.653835,106.831191,55855
OM25062900005597,2025-06-30,Z063575,重庆市应能应急救援有限公司永川队,重庆市重庆市永川区永川区红炉镇四合厂红炉镇四合厂,29.34498,105.724175,25653
OM25062900005610,2025-06-30,Z088293,重庆第二师范学院-1楼,重庆市重庆市南岸区重庆第二师范学院培训中心 重庆市南岸区学府大道11号,29.517908,106.581872,43424
OM25062900005616,2025-06-30,Z068672,重庆南岸腾龙幼儿园,重庆市南岸区弹子石新街57号,29.585712,106.603476,56170
OM25062900005625,2025-06-30,Z007473,考试中心（应急管理局干副）,重庆市重庆市渝北区重庆市应急管理局应急局,29.62111,106.506619,35355
OM25062900005626,2025-06-30,Z099709,九中队,两路镇航惠路21号,29.732439,106.646695,55190
OM25062900005627,2025-06-30,Z072345,口腔医院上清寺站点,重庆市重庆市渝中区上清寺口腔口院车库升降到2楼，带推车,29.565573,106.553026,33101
OM25062900005630,2025-06-30,Z007471,考试中心（应急管理局水果）,重庆市重庆市渝北区重庆市应急管理局应急局,29.62111,106.506619,35355
OM25062900005633,2025-06-30,Z099711,十二中队,重庆市重庆市江北区铁山坪街道翠微路5号,29.613793,106.674507,58472
OM25062900005653,2025-06-30,Z092093,联勤保障部队第三储备资产管理局重庆管理站,重庆市重庆市渝中区渝中区七星岗民生路兴利大厦兴利大厦28楼,29.562376,106.575413,49020
OM25062900005670,2025-06-30,106602,重庆美莱整形美容医院有限公司,重庆市重庆市江北区重庆市江北区建新西路184附2号,29.571259,106.526455,48104
OM25062900005673,2025-06-30,Z076486,中建五局—重庆凤栖湖项目,重庆市重庆市九龙坡区重庆市九龙坡区新州大道,29.53605,106.325398,35883
OM25062900005684,2025-06-30,Z100853,道角检修基地,重庆市-巴南区-渝南大道(京汉凤凰城南侧约100米)轻轨道角检修基地,29.391216,106.548796,55501
OM25062900005686,2025-06-30,Z064708,重庆万家雅迪汽车销售服务有限公司,重庆市重庆市沙坪坝区重庆市沙坪坝区石新路321号凤天大道159号,29.53091,106.45994,48616
OM25062900005697,2025-06-30,Z100961,大堰综合基地,重庆市-九龙坡区-水碾路27号重庆轨道交通大堰综合基地,29.504412,106.506674,55632
OM25062900005699,2025-06-30,Z088268,四食堂,重庆市重庆市沙坪坝区勤务学院学校加工中心,29.635466,106.324651,46448
OM25062900005719,2025-06-30,Z092460,中国人民解放军32614部队,重庆市重庆市江津区重庆市江津区广兴镇军民街81号,29.061945,106.56171,49384
OM25062900005745,2025-06-30,108040,中国十九冶集团有限公司重庆分公司,重庆市重庆市渝北区渝北洪湖西路18号上丁企业公园28幢 ,29.615037,106.508318,46192
OM25062900005778,2025-06-30,Z099882,重庆市凤鸣山中学日用品,重庆市-沙坪坝区-凤天大道150号重庆市凤鸣山中学,29.534966,106.455153,54699
OM25062900005788,2025-06-30,Z033856,重庆市房地产交易事务中心,重庆市重庆市江北区北滨一路366号鼎新国际中心2号楼,29.5637,106.539747,5665
OM25062900005810,2025-06-30,Z014021,中国人民解放军32605部队-八公里车材站点,重庆市重庆市巴南区重庆市巴南区巴滨路与娄八路,29.48888,106.565944,49366
OM25062900005812,2025-06-30,Z041404,大连银行股份有限公司重庆分行,大连银行(重庆分行),29.597302,106.520366,58980
OM25062900005845,2025-06-30,105483,重庆市会展服务中心,重庆市重庆市江北区江北区建新北路65号外经贸大厦楼后面外贸食堂,29.58656,106.533919,24391
OM25062900005846,2025-06-30,Z011394,烤匠金沙天街-员工餐,重庆市重庆市沙坪坝区沙坪坝区金沙天街A馆5一17号,29.560707,106.465319,26711
OM25062900005848,2025-06-30,Z011393,烤匠金沙天街,重庆市重庆市沙坪坝区沙坪坝区金沙天街A馆5一17号,29.560707,106.465319,26711
OM25062900005897,2025-06-30,Z086400,中建三局-联发三湾项目,重庆市重庆市江北区重庆市江北区三湾路（保利江上明珠乐园）16号附25号3-3（保利江上明珠乐园）16号附25号3-3,29.574211,106.521366,45115
OM25062900005899,2025-06-30,Z099800,渝北中队,重庆市渝北区沙岚垭公交站,29.792881,106.636653,58753
OM25062900005900,2025-06-30,Z119310,重庆萤之森酒店管理有限公司,重庆市-沙坪坝区-丰文街道大学城丰文街道三河村萤火谷农场萤之森石头花园民宿,29.646664,106.294148,58838
OM25062900005911,2025-06-30,Z119415,重庆市住房公积金管理中心沙坪坝办事处,重庆市-沙坪坝区-石井坡街道团结坝436号附38号团结坝438号公积金中心,29.603087,106.455863,59031
OM25062900005934,2025-06-30,Z100841,中梁山基地,重庆市九龙坡区福园路,29.44153,106.444222,55739
OM25062900005965,2025-06-30,Z074563,蓝月亮（重庆）有限公司,蓝月亮,29.410934,106.633193,55812
OM25062900006008,2025-06-30,Z102432,重庆颐天康养产业发展有限公司,重庆市-渝中区-中山三128号、130号投资大厦车库电梯到负一楼颐天康养食堂,29.562989,106.556505,56131
OM25062900006017,2025-06-30,Z011393,烤匠金沙天街,重庆市重庆市沙坪坝区沙坪坝区金沙天街A馆5一17号,29.560707,106.465319,26711
OM25062900006018,2025-06-30,SC196300000003,烤匠大融城,重庆市重庆市江北区观音桥东环路59号附近烤匠麻辣烤鱼(重庆大融城店),29.582589,106.540047,5680
OM25062900006019,2025-06-30,SC196290000004,烤匠时代广场,重庆市重庆市渝中区邹容路100号重庆时代广场L6层烤匠(重庆解放碑店),29.564171,106.583643,5560
OM25062900006020,2025-06-30,Z037797,烤匠大悦城,重庆市重庆市渝北区仙桃街道大悦城L426号（5楼）,29.727912,106.57822,6336
OM25062900006021,2025-06-30,Z078516,烤匠巴南万达广场店,重庆市重庆市巴南区巴南万达广场重庆市巴南区万达广场3楼3011，车库A区8号9号电梯上去。,29.405264,106.551076,39218
OM25062900006022,2025-06-30,SC196290000005,烤匠时代天街,重庆市重庆市渝中区时代天街A馆5楼烤匠,29.543923,106.517705,46987
OM25062900006023,2025-06-30,Z087542,烤匠来福士,重庆市重庆市渝中区重庆市渝中区朝东路18号来福士,29.570101,106.594307,48033
OM25062900006035,2025-06-30,Z064428,中建五局—中央公园项目部,重庆市重庆市渝北区重庆市渝北区鹿郑循环路,29.743122,106.590964,35882
OM25062900006039,2025-06-30,Z053123,重庆市凤鸣山中学-1楼,重庆市沙坪坝区凤天大道150号重庆市沙坪坝区凤天大道150号,29.535218,106.455654,54878
OM25062900006042,2025-06-30,Z099716,北碚中队,重庆市重庆市北碚区重庆市重庆市北碚区沙岗坡,29.727665,106.457473,54562
OM25062900006047,2025-06-30,Z014025,中国人民解放军32605部队-保障四队2号食堂 六公里站点,重庆市重庆市南岸区南岸区六公里渝能国际,29.505844,106.580008,49563
OM25062900006049,2025-06-30,Z044013,重庆市生态环境监测中心-用品,重庆市重庆市渝北区重庆市生态环境监测中心,29.597912,106.498872,16702
OM25062900006229,2025-06-30,Z102240,两江新区人民医院-小卖部,重庆市-渝北区-人兴路199号导航两江新区第一人民医院新院区4号门，进车库，下到1楼,29.62831,106.537816,56197
OM25062900007063,2025-06-30,Z081586,机场职工一食堂干副,重庆市重庆市渝北区机场集团一食堂,29.704052,106.656621,41823
OM25062900007092,2025-06-30,Z014023,中国人民解放军32605部队-保障一队彭家花园食堂,大坪正街彭家花园12号,29.546478,106.520989,57064
OM25062900007097,2025-06-30,Z092497,252513-巴南站点,重庆市-巴南区-娄八路,29.488635,106.566114,57025
OM25063000000175,2025-06-30,Z071065,重庆客百年农产品经营有限公司,重庆市重庆市江津区九江大道,29.390591,106.278841,54621
OM25063000002185,2025-06-30,Z009013,重庆市钱大妈供应链管理有限公司,重庆市重庆市沙坪坝区红星美凯龙智慧物流城安能物流重庆分拨中心,29.680634,106.38609,20988
OM25063000002938,2025-06-30,Z069328,成都永辉商业发展有限公司CQ,四川省成都市彭州市成都市彭州濛阳镇新城商业中心宝兴街37号二楼成都市彭州濛阳镇新城商业中心宝兴街37号二楼,30.960375,104.121661,29733
OM25063000002946,2025-06-30,Z069325,湖北永辉中百超市有限公司,湖北省武汉市硚口区武汉市硚口区古田二路8栋2-6层B座(汇丰企业总部)武汉市硚口区古田二路8栋2-6层B座(汇丰企业总部),30.610257,114.203176,29791
OM25063000002950,2025-06-30,Z069325,湖北永辉中百超市有限公司,湖北省武汉市硚口区武汉市硚口区古田二路8栋2-6层B座(汇丰企业总部)武汉市硚口区古田二路8栋2-6层B座(汇丰企业总部),30.610257,114.203176,29791
OM25063000003912,2025-06-30,Z069323,陕西永辉超市有限公司,陕西省西安市莲湖区西安市莲湖区唐延路168号西安市莲湖区唐延路168号,34.24374,108.895401,29749
OM25063000003919,2025-06-30,Z069323,陕西永辉超市有限公司,陕西省西安市莲湖区西安市莲湖区唐延路168号西安市莲湖区唐延路168号,34.24374,108.895401,29749
OM25063000003924,2025-06-30,Z088316,北京永辉商业有限公司,北京市北京市石景山区北京市石景山区鲁谷大街东侧永辉超市一层,39.899425,116.238701,46483
OW25062600000176,2025-06-30,Z085791,交大幼-荤食类,重庆市重庆市南岸区交通大学幼儿园2号门,29.494323,106.580033,52531
OW25062600000205,2025-06-30,Z013803,重庆市渝中区锦程小金星幼儿园-学生,重庆市重庆市渝中区河运路2号锦程小金星幼儿园,29.545792,106.51192,15612
OW25062600001160,2025-06-30,Z085785,交大幼-蔬菜类,重庆市重庆市南岸区交通大学幼儿园2号门,29.494323,106.580033,52531
OW25062600001162,2025-06-30,Z085792,交大幼-副食类,重庆市重庆市南岸区交通大学幼儿园2号门,29.494323,106.580033,52531
OW25062600001195,2025-06-30,Z013802,重庆市渝中区锦程小金星幼儿园-老师,重庆市重庆市渝中区河运路2号锦程小金星幼儿园,29.545792,106.51192,15612
OW25062600001201,2025-06-30,Z013803,重庆市渝中区锦程小金星幼儿园-学生,重庆市重庆市渝中区河运路2号锦程小金星幼儿园,29.545792,106.51192,15612
OW25062700000022,2025-06-30,Z072264,重庆市渝北区盛果誉峰幼儿园,重庆市重庆市渝北区渝北区盛果誉幼儿园食堂,29.7242,106.583455,39257
OW25062700000040,2025-06-30,Z096845,渝北区交巡警-双凤大队,重庆市重庆市渝北区渝北区空港大道97号只能停在路边 把货带进去,29.741647,106.63903,52177
OW25062700000058,2025-06-30,Z029794,天骄名城小金星幼儿园-老师,重庆市重庆市沙坪坝区天骄名城东1期,29.587865,106.322559,15915
OW25062700000065,2025-06-30,Z010662,重庆市锦尚小金星幼儿园-老师,重庆市重庆市九龙坡区万科锦尚小区大门口锦尚小金星幼儿园锦尚小金星幼儿园,29.549904,106.501745,25762
OW25062700000082,2025-06-30,Z094603,铝都实验幼儿园-教师,重庆市重庆市九龙坡区西彭镇三村铝都实验幼儿园,29.306186,106.335525,5917
OW25062700000085,2025-06-30,Z014005,重庆九龙坡区铝都实验幼儿园,重庆市重庆市九龙坡区西彭镇三村铝都实验幼儿园,29.306186,106.335525,5917
OW25062700000087,2025-06-30,Z029806,天骄名城小金星幼儿园-学生,重庆市重庆市沙坪坝区天骄名城东1期,29.587865,106.322559,15915
OW25062700000092,2025-06-30,Z085791,交大幼-荤食类,重庆市重庆市南岸区交通大学幼儿园2号门,29.494323,106.580033,52531
OW25062700000104,2025-06-30,Z014003,静苑观江岭幼儿园,重庆市重庆市九龙坡区杨九路(志龙观江嶺)静苑观江岭幼儿园,29.504005,106.541018,16211
OW25062700000144,2025-06-30,Z014006,重庆九龙坡区铝都实验幼儿园大石堡分园,重庆市重庆市九龙坡区西彭镇铝城正街2号铝都实验幼儿园(大石堡分园),29.309595,106.333469,16225
OW25062700001071,2025-06-30,Z010664,重庆市锦尚小金星幼儿园-学生,重庆市重庆市九龙坡区万科锦尚小区大门口锦尚小金星幼儿园锦尚小金星幼儿园,29.549904,106.501745,25762
OW25062700001096,2025-06-30,Z014005,重庆九龙坡区铝都实验幼儿园,重庆市重庆市九龙坡区西彭镇三村铝都实验幼儿园,29.306186,106.335525,5917
OW25062700001101,2025-06-30,Z094603,铝都实验幼儿园-教师,重庆市重庆市九龙坡区西彭镇三村铝都实验幼儿园,29.306186,106.335525,5917
OW25062700001111,2025-06-30,Z094606,静苑观江岭幼儿园-教师,重庆市重庆市九龙坡区杨九路(志龙观江嶺)静苑观江岭幼儿园,29.504005,106.541018,16211
OW25062800000074,2025-06-30,SC19A070000031,恒大小金星幼儿园-学生,重庆市重庆市九龙坡区恒华路8号10栋恒大小金星幼儿园,29.481983,106.453207,16198
OW25062800001010,2025-06-30,Z083986,重庆嘉威啤酒—集团,重庆市重庆市大渡口区重庆鑫钰实业集团重庆市大渡口区金桥路附近,29.458992,106.484729,43478
OW25062800001070,2025-06-30,SC19A070000030,恒大小金星幼儿园-老师,重庆市重庆市九龙坡区恒华路8号10栋恒大小金星幼儿园,29.481983,106.453207,16198
OW25062900000011,2025-06-30,Z014004,重庆九龙坡区窑瓦溪幼儿园,重庆市重庆市九龙坡区西彭镇西南铝业集团民生实业公司幼教中心窑瓦溪幼儿园,29.317011,106.333688,5967
OW25062900000012,2025-06-30,Z014004,重庆九龙坡区窑瓦溪幼儿园,重庆市重庆市九龙坡区西彭镇西南铝业集团民生实业公司幼教中心窑瓦溪幼儿园,29.317011,106.333688,5967
OW25062900000026,2025-06-30,Z096848,渝北区交巡警-双龙大队,重庆市重庆市渝北区双龙大队把菜送进去不要放在地上,29.713829,106.60536,52246
OW25062900000090,2025-06-30,Z028687,丽苑大酒店-西餐厅,重庆市重庆市沙坪坝区丽苑大酒店重庆市沙坪坝区丽苑维景大酒店负一楼,29.561936,106.466603,23519
OW25062900000091,2025-06-30,Z028687,丽苑大酒店-西餐厅,重庆市重庆市沙坪坝区丽苑大酒店重庆市沙坪坝区丽苑维景大酒店负一楼,29.561936,106.466603,23519
OW25062900000095,2025-06-30,Z028687,丽苑大酒店-西餐厅,重庆市重庆市沙坪坝区丽苑大酒店重庆市沙坪坝区丽苑维景大酒店负一楼,29.561936,106.466603,23519
OW25062900000103,2025-06-30,Z050017,重庆万泰建设-万科白鹤岭项目,重庆市-沙坪坝区-覃家岗街道G75(兰海高速)重庆市沙坪坝区学灯路5号7幢2-1,29.575523,106.459735,58640
OW25062900000106,2025-06-30,Z028447,丽苑大酒店-员工餐厅,重庆市重庆市沙坪坝区丽苑大酒店重庆市沙坪坝区丽苑维景大酒店负一楼,29.561936,106.466603,23519
OW25062900000124,2025-06-30,Z073098,重庆市巴南区芸峰兰亭幼儿园,巴南区芸兴路303号,29.450315,106.554186,57281
OW25062900000145,2025-06-30,Z039087,重庆大江建设工程集团有限公司-客餐,重庆市重庆市渝北区重庆市渝北区金安路,29.63154,106.560191,56091
OW25062900000166,2025-06-30,104840,重庆品谷谷餐饮有限公司,重庆市重庆市沙坪坝区彩食鲜大厦食堂重庆彩食鲜食堂,29.676384,106.384825,23586
OW25062900000189,2025-06-30,Z096847,渝北区交巡警-两路大队,重庆市重庆市渝北区两路大队钥匙放在门口的直接拿钥匙开小门放回原处,29.726257,106.63687,52245
OW25062900000206,2025-06-30,Z028684,丽苑大酒店-宴会厅,重庆市重庆市沙坪坝区丽苑大酒店重庆市沙坪坝区丽苑维景大酒店负一楼,29.561936,106.466603,23519
OW25062900000221,2025-06-30,Z084000,重庆百幼蒙养托育服务合伙企业（有限合伙）,重庆市重庆市渝北区重庆百幼蒙养托育服务合伙企业（有限合伙）,29.661553,106.532814,43482
OW25062900001003,2025-06-30,Z096843,渝北区交巡警-事故预防及处理大队,重庆市重庆市渝北区重庆市渝北区回兴街道双湖路147号货拿到2楼食堂 喊保安点货,29.694099,106.62299,52176
OW25062900001007,2025-06-30,110778,重庆拓达建设（集团）有限公司,重庆市重庆市南岸区重庆拓达建设(集团)有限公司南岸区学府大道54号附7号2楼,29.502594,106.579601,22341
OW25062900001029,2025-06-30,Z096841,渝北区交巡警-回兴大队,重庆市重庆市渝北区重庆市渝北区凯哥三支路99号门卫那里拿钥匙肉放在冰箱，拿了钥匙放回原处,29.700564,106.61362,52178
OW25062900001036,2025-06-30,106266,重庆市沙坪坝区华彩幼儿园,重庆市重庆市沙坪坝区凤天大道140号附近华彩艺术幼儿园,29.532843,106.457635,5804
OW25062900001038,2025-06-30,106266,重庆市沙坪坝区华彩幼儿园,重庆市重庆市沙坪坝区凤天大道140号附近华彩艺术幼儿园,29.532843,106.457635,5804
OW25062900001075,2025-06-30,109786,重庆市教育科学研究院,重庆市重庆市渝中区重庆市教育科学研究院,29.560878,106.549354,24462
OW25062900001084,2025-06-30,Z028684,丽苑大酒店-宴会厅,重庆市重庆市沙坪坝区丽苑大酒店重庆市沙坪坝区丽苑维景大酒店负一楼,29.561936,106.466603,23519
OW25062900001088,2025-06-30,Z061098,丽苑大酒店-外卖,重庆市重庆市沙坪坝区丽苑大酒店重庆市沙坪坝区丽苑维景大酒店负一楼,29.561936,106.466603,23519
OW25062900001092,2025-06-30,Z078590,重庆嘉威啤酒有限公司,重庆市重庆市大渡口区重庆嘉威啤酒,29.455114,106.49045,39277
OW25062900001095,2025-06-30,Z076435,重庆东彭物业管理有限公司,重庆市重庆市渝北区渝北区财富中心山顶3号重庆渝北区财富大道14号山顶（中能建城乡投资重庆有限公司）,29.616892,106.519562,34898
OW25062900001097,2025-06-30,Z096846,渝北区交巡警-龙山大队,重庆市重庆市渝北区龙山大队送到食堂桌子上，不能放地上,29.595188,106.497532,52244
OW25062900001121,2025-06-30,111153,重庆皓春健康产业有限公司,"重庆市重庆市九龙坡区：重庆新壹城2号楼3楼养老公寓后厨
：重庆新壹城2号楼3楼养老公寓后厨",29.534557,106.498125,27710
OW25062900001145,2025-06-30,Z016497,重庆今瑜医药股份有限公司,重庆市重庆市南岸区龙翔路2号,29.478089,106.635165,16291
OW25062900001185,2025-06-30,Z096847,渝北区交巡警-两路大队,重庆市重庆市渝北区两路大队钥匙放在门口的直接拿钥匙开小门放回原处,29.726257,106.63687,52245
OW25062900001211,2025-06-30,Z084000,重庆百幼蒙养托育服务合伙企业（有限合伙）,重庆市重庆市渝北区重庆百幼蒙养托育服务合伙企业（有限合伙）,29.661553,106.532814,43482
